month,publication,ipi_value
2010-01,Reuters,89.1897
2010-01,The New York Times,89.1897
2010-01,CNBC,89.1897
2010-01,The Hill,89.1897
2010-01,People,89.1897
2010-01,CNN,89.1897
2010-01,Refinery 29,89.1897
2010-01,Vice,89.1897
2010-01,Mashable,89.1897
2010-01,Business Insider,89.1897
2010-01,The Verge,89.1897
2010-01,TechCrunch,89.1897
2010-01,TMZ,89.1897
2010-01,Axios,89.1897
2010-01,Vox,89.1897
2010-01,Politico,89.1897
2010-01,Washington Post,89.1897
2010-01,Buzzfeed News,89.1897
2010-01,Gizmodo,89.1897
2010-01,Economist,89.1897
2010-01,Wired,89.1897
2010-01,Fox News,89.1897
2010-01,Vice News,89.1897
2010-01,Hyperallergic,89.1897
2010-01,New Republic,89.1897
2010-01,New Yorker,89.1897
2010-02,Reuters,89.5046
2010-02,The New York Times,89.5046
2010-02,CNBC,89.5046
2010-02,The Hill,89.5046
2010-02,People,89.5046
2010-02,CNN,89.5046
2010-02,Refinery 29,89.5046
2010-02,Vice,89.5046
2010-02,Mashable,89.5046
2010-02,Business Insider,89.5046
2010-02,The Verge,89.5046
2010-02,TechCrunch,89.5046
2010-02,TMZ,89.5046
2010-02,Axios,89.5046
2010-02,Vox,89.5046
2010-02,Politico,89.5046
2010-02,Washington Post,89.5046
2010-02,Buzzfeed News,89.5046
2010-02,Gizmodo,89.5046
2010-02,Economist,89.5046
2010-02,Wired,89.5046
2010-02,Fox News,89.5046
2010-02,Vice News,89.5046
2010-02,Hyperallergic,89.5046
2010-02,New Republic,89.5046
2010-02,New Yorker,89.5046
2010-03,Reuters,90.1356
2010-03,The New York Times,90.1356
2010-03,CNBC,90.1356
2010-03,The Hill,90.1356
2010-03,People,90.1356
2010-03,CNN,90.1356
2010-03,Refinery 29,90.1356
2010-03,Vice,90.1356
2010-03,Mashable,90.1356
2010-03,Business Insider,90.1356
2010-03,The Verge,90.1356
2010-03,TechCrunch,90.1356
2010-03,TMZ,90.1356
2010-03,Axios,90.1356
2010-03,Vox,90.1356
2010-03,Politico,90.1356
2010-03,Washington Post,90.1356
2010-03,Buzzfeed News,90.1356
2010-03,Gizmodo,90.1356
2010-03,Economist,90.1356
2010-03,Wired,90.1356
2010-03,Fox News,90.1356
2010-03,Vice News,90.1356
2010-03,Hyperallergic,90.1356
2010-03,New Republic,90.1356
2010-03,New Yorker,90.1356
2010-04,Reuters,90.4607
2010-04,The New York Times,90.4607
2010-04,CNBC,90.4607
2010-04,The Hill,90.4607
2010-04,People,90.4607
2010-04,CNN,90.4607
2010-04,Refinery 29,90.4607
2010-04,Vice,90.4607
2010-04,Mashable,90.4607
2010-04,Business Insider,90.4607
2010-04,The Verge,90.4607
2010-04,TechCrunch,90.4607
2010-04,TMZ,90.4607
2010-04,Axios,90.4607
2010-04,Vox,90.4607
2010-04,Politico,90.4607
2010-04,Washington Post,90.4607
2010-04,Buzzfeed News,90.4607
2010-04,Gizmodo,90.4607
2010-04,Economist,90.4607
2010-04,Wired,90.4607
2010-04,Fox News,90.4607
2010-04,Vice News,90.4607
2010-04,Hyperallergic,90.4607
2010-04,New Republic,90.4607
2010-04,New Yorker,90.4607
2010-05,Reuters,91.7014
2010-05,The New York Times,91.7014
2010-05,CNBC,91.7014
2010-05,The Hill,91.7014
2010-05,People,91.7014
2010-05,CNN,91.7014
2010-05,Refinery 29,91.7014
2010-05,Vice,91.7014
2010-05,Mashable,91.7014
2010-05,Business Insider,91.7014
2010-05,The Verge,91.7014
2010-05,TechCrunch,91.7014
2010-05,TMZ,91.7014
2010-05,Axios,91.7014
2010-05,Vox,91.7014
2010-05,Politico,91.7014
2010-05,Washington Post,91.7014
2010-05,Buzzfeed News,91.7014
2010-05,Gizmodo,91.7014
2010-05,Economist,91.7014
2010-05,Wired,91.7014
2010-05,Fox News,91.7014
2010-05,Vice News,91.7014
2010-05,Hyperallergic,91.7014
2010-05,New Republic,91.7014
2010-05,New Yorker,91.7014
2010-06,Reuters,91.9033
2010-06,The New York Times,91.9033
2010-06,CNBC,91.9033
2010-06,The Hill,91.9033
2010-06,People,91.9033
2010-06,CNN,91.9033
2010-06,Refinery 29,91.9033
2010-06,Vice,91.9033
2010-06,Mashable,91.9033
2010-06,Business Insider,91.9033
2010-06,The Verge,91.9033
2010-06,TechCrunch,91.9033
2010-06,TMZ,91.9033
2010-06,Axios,91.9033
2010-06,Vox,91.9033
2010-06,Politico,91.9033
2010-06,Washington Post,91.9033
2010-06,Buzzfeed News,91.9033
2010-06,Gizmodo,91.9033
2010-06,Economist,91.9033
2010-06,Wired,91.9033
2010-06,Fox News,91.9033
2010-06,Vice News,91.9033
2010-06,Hyperallergic,91.9033
2010-06,New Republic,91.9033
2010-06,New Yorker,91.9033
2010-07,Reuters,92.2549
2010-07,The New York Times,92.2549
2010-07,CNBC,92.2549
2010-07,The Hill,92.2549
2010-07,People,92.2549
2010-07,CNN,92.2549
2010-07,Refinery 29,92.2549
2010-07,Vice,92.2549
2010-07,Mashable,92.2549
2010-07,Business Insider,92.2549
2010-07,The Verge,92.2549
2010-07,TechCrunch,92.2549
2010-07,TMZ,92.2549
2010-07,Axios,92.2549
2010-07,Vox,92.2549
2010-07,Politico,92.2549
2010-07,Washington Post,92.2549
2010-07,Buzzfeed News,92.2549
2010-07,Gizmodo,92.2549
2010-07,Economist,92.2549
2010-07,Wired,92.2549
2010-07,Fox News,92.2549
2010-07,Vice News,92.2549
2010-07,Hyperallergic,92.2549
2010-07,New Republic,92.2549
2010-07,New Yorker,92.2549
2010-08,Reuters,92.5936
2010-08,The New York Times,92.5936
2010-08,CNBC,92.5936
2010-08,The Hill,92.5936
2010-08,People,92.5936
2010-08,CNN,92.5936
2010-08,Refinery 29,92.5936
2010-08,Vice,92.5936
2010-08,Mashable,92.5936
2010-08,Business Insider,92.5936
2010-08,The Verge,92.5936
2010-08,TechCrunch,92.5936
2010-08,TMZ,92.5936
2010-08,Axios,92.5936
2010-08,Vox,92.5936
2010-08,Politico,92.5936
2010-08,Washington Post,92.5936
2010-08,Buzzfeed News,92.5936
2010-08,Gizmodo,92.5936
2010-08,Economist,92.5936
2010-08,Wired,92.5936
2010-08,Fox News,92.5936
2010-08,Vice News,92.5936
2010-08,Hyperallergic,92.5936
2010-08,New Republic,92.5936
2010-08,New Yorker,92.5936
2010-09,Reuters,92.8533
2010-09,The New York Times,92.8533
2010-09,CNBC,92.8533
2010-09,The Hill,92.8533
2010-09,People,92.8533
2010-09,CNN,92.8533
2010-09,Refinery 29,92.8533
2010-09,Vice,92.8533
2010-09,Mashable,92.8533
2010-09,Business Insider,92.8533
2010-09,The Verge,92.8533
2010-09,TechCrunch,92.8533
2010-09,TMZ,92.8533
2010-09,Axios,92.8533
2010-09,Vox,92.8533
2010-09,Politico,92.8533
2010-09,Washington Post,92.8533
2010-09,Buzzfeed News,92.8533
2010-09,Gizmodo,92.8533
2010-09,Economist,92.8533
2010-09,Wired,92.8533
2010-09,Fox News,92.8533
2010-09,Vice News,92.8533
2010-09,Hyperallergic,92.8533
2010-09,New Republic,92.8533
2010-09,New Yorker,92.8533
2010-10,Reuters,92.6033
2010-10,The New York Times,92.6033
2010-10,CNBC,92.6033
2010-10,The Hill,92.6033
2010-10,People,92.6033
2010-10,CNN,92.6033
2010-10,Refinery 29,92.6033
2010-10,Vice,92.6033
2010-10,Mashable,92.6033
2010-10,Business Insider,92.6033
2010-10,The Verge,92.6033
2010-10,TechCrunch,92.6033
2010-10,TMZ,92.6033
2010-10,Axios,92.6033
2010-10,Vox,92.6033
2010-10,Politico,92.6033
2010-10,Washington Post,92.6033
2010-10,Buzzfeed News,92.6033
2010-10,Gizmodo,92.6033
2010-10,Economist,92.6033
2010-10,Wired,92.6033
2010-10,Fox News,92.6033
2010-10,Vice News,92.6033
2010-10,Hyperallergic,92.6033
2010-10,New Republic,92.6033
2010-10,New Yorker,92.6033
2010-11,Reuters,92.6686
2010-11,The New York Times,92.6686
2010-11,CNBC,92.6686
2010-11,The Hill,92.6686
2010-11,People,92.6686
2010-11,CNN,92.6686
2010-11,Refinery 29,92.6686
2010-11,Vice,92.6686
2010-11,Mashable,92.6686
2010-11,Business Insider,92.6686
2010-11,The Verge,92.6686
2010-11,TechCrunch,92.6686
2010-11,TMZ,92.6686
2010-11,Axios,92.6686
2010-11,Vox,92.6686
2010-11,Politico,92.6686
2010-11,Washington Post,92.6686
2010-11,Buzzfeed News,92.6686
2010-11,Gizmodo,92.6686
2010-11,Economist,92.6686
2010-11,Wired,92.6686
2010-11,Fox News,92.6686
2010-11,Vice News,92.6686
2010-11,Hyperallergic,92.6686
2010-11,New Republic,92.6686
2010-11,New Yorker,92.6686
2010-12,Reuters,93.5916
2010-12,The New York Times,93.5916
2010-12,CNBC,93.5916
2010-12,The Hill,93.5916
2010-12,People,93.5916
2010-12,CNN,93.5916
2010-12,Refinery 29,93.5916
2010-12,Vice,93.5916
2010-12,Mashable,93.5916
2010-12,Business Insider,93.5916
2010-12,The Verge,93.5916
2010-12,TechCrunch,93.5916
2010-12,TMZ,93.5916
2010-12,Axios,93.5916
2010-12,Vox,93.5916
2010-12,Politico,93.5916
2010-12,Washington Post,93.5916
2010-12,Buzzfeed News,93.5916
2010-12,Gizmodo,93.5916
2010-12,Economist,93.5916
2010-12,Wired,93.5916
2010-12,Fox News,93.5916
2010-12,Vice News,93.5916
2010-12,Hyperallergic,93.5916
2010-12,New Republic,93.5916
2010-12,New Yorker,93.5916
2011-01,Reuters,93.3889
2011-01,The New York Times,93.3889
2011-01,CNBC,93.3889
2011-01,The Hill,93.3889
2011-01,People,93.3889
2011-01,CNN,93.3889
2011-01,Refinery 29,93.3889
2011-01,Vice,93.3889
2011-01,Mashable,93.3889
2011-01,Business Insider,93.3889
2011-01,The Verge,93.3889
2011-01,TechCrunch,93.3889
2011-01,TMZ,93.3889
2011-01,Axios,93.3889
2011-01,Vox,93.3889
2011-01,Politico,93.3889
2011-01,Washington Post,93.3889
2011-01,Buzzfeed News,93.3889
2011-01,Gizmodo,93.3889
2011-01,Economist,93.3889
2011-01,Wired,93.3889
2011-01,Fox News,93.3889
2011-01,Vice News,93.3889
2011-01,Hyperallergic,93.3889
2011-01,New Republic,93.3889
2011-01,New Yorker,93.3889
2011-02,Reuters,93.0045
2011-02,The New York Times,93.0045
2011-02,CNBC,93.0045
2011-02,The Hill,93.0045
2011-02,People,93.0045
2011-02,CNN,93.0045
2011-02,Refinery 29,93.0045
2011-02,Vice,93.0045
2011-02,Mashable,93.0045
2011-02,Business Insider,93.0045
2011-02,The Verge,93.0045
2011-02,TechCrunch,93.0045
2011-02,TMZ,93.0045
2011-02,Axios,93.0045
2011-02,Vox,93.0045
2011-02,Politico,93.0045
2011-02,Washington Post,93.0045
2011-02,Buzzfeed News,93.0045
2011-02,Gizmodo,93.0045
2011-02,Economist,93.0045
2011-02,Wired,93.0045
2011-02,Fox News,93.0045
2011-02,Vice News,93.0045
2011-02,Hyperallergic,93.0045
2011-02,New Republic,93.0045
2011-02,New Yorker,93.0045
2011-03,Reuters,93.9684
2011-03,The New York Times,93.9684
2011-03,CNBC,93.9684
2011-03,The Hill,93.9684
2011-03,People,93.9684
2011-03,CNN,93.9684
2011-03,Refinery 29,93.9684
2011-03,Vice,93.9684
2011-03,Mashable,93.9684
2011-03,Business Insider,93.9684
2011-03,The Verge,93.9684
2011-03,TechCrunch,93.9684
2011-03,TMZ,93.9684
2011-03,Axios,93.9684
2011-03,Vox,93.9684
2011-03,Politico,93.9684
2011-03,Washington Post,93.9684
2011-03,Buzzfeed News,93.9684
2011-03,Gizmodo,93.9684
2011-03,Economist,93.9684
2011-03,Wired,93.9684
2011-03,Fox News,93.9684
2011-03,Vice News,93.9684
2011-03,Hyperallergic,93.9684
2011-03,New Republic,93.9684
2011-03,New Yorker,93.9684
2011-04,Reuters,93.6571
2011-04,The New York Times,93.6571
2011-04,CNBC,93.6571
2011-04,The Hill,93.6571
2011-04,People,93.6571
2011-04,CNN,93.6571
2011-04,Refinery 29,93.6571
2011-04,Vice,93.6571
2011-04,Mashable,93.6571
2011-04,Business Insider,93.6571
2011-04,The Verge,93.6571
2011-04,TechCrunch,93.6571
2011-04,TMZ,93.6571
2011-04,Axios,93.6571
2011-04,Vox,93.6571
2011-04,Politico,93.6571
2011-04,Washington Post,93.6571
2011-04,Buzzfeed News,93.6571
2011-04,Gizmodo,93.6571
2011-04,Economist,93.6571
2011-04,Wired,93.6571
2011-04,Fox News,93.6571
2011-04,Vice News,93.6571
2011-04,Hyperallergic,93.6571
2011-04,New Republic,93.6571
2011-04,New Yorker,93.6571
2011-05,Reuters,93.7723
2011-05,The New York Times,93.7723
2011-05,CNBC,93.7723
2011-05,The Hill,93.7723
2011-05,People,93.7723
2011-05,CNN,93.7723
2011-05,Refinery 29,93.7723
2011-05,Vice,93.7723
2011-05,Mashable,93.7723
2011-05,Business Insider,93.7723
2011-05,The Verge,93.7723
2011-05,TechCrunch,93.7723
2011-05,TMZ,93.7723
2011-05,Axios,93.7723
2011-05,Vox,93.7723
2011-05,Politico,93.7723
2011-05,Washington Post,93.7723
2011-05,Buzzfeed News,93.7723
2011-05,Gizmodo,93.7723
2011-05,Economist,93.7723
2011-05,Wired,93.7723
2011-05,Fox News,93.7723
2011-05,Vice News,93.7723
2011-05,Hyperallergic,93.7723
2011-05,New Republic,93.7723
2011-05,New Yorker,93.7723
2011-06,Reuters,94.0493
2011-06,The New York Times,94.0493
2011-06,CNBC,94.0493
2011-06,The Hill,94.0493
2011-06,People,94.0493
2011-06,CNN,94.0493
2011-06,Refinery 29,94.0493
2011-06,Vice,94.0493
2011-06,Mashable,94.0493
2011-06,Business Insider,94.0493
2011-06,The Verge,94.0493
2011-06,TechCrunch,94.0493
2011-06,TMZ,94.0493
2011-06,Axios,94.0493
2011-06,Vox,94.0493
2011-06,Politico,94.0493
2011-06,Washington Post,94.0493
2011-06,Buzzfeed News,94.0493
2011-06,Gizmodo,94.0493
2011-06,Economist,94.0493
2011-06,Wired,94.0493
2011-06,Fox News,94.0493
2011-06,Vice News,94.0493
2011-06,Hyperallergic,94.0493
2011-06,New Republic,94.0493
2011-06,New Yorker,94.0493
2011-07,Reuters,94.4958
2011-07,The New York Times,94.4958
2011-07,CNBC,94.4958
2011-07,The Hill,94.4958
2011-07,People,94.4958
2011-07,CNN,94.4958
2011-07,Refinery 29,94.4958
2011-07,Vice,94.4958
2011-07,Mashable,94.4958
2011-07,Business Insider,94.4958
2011-07,The Verge,94.4958
2011-07,TechCrunch,94.4958
2011-07,TMZ,94.4958
2011-07,Axios,94.4958
2011-07,Vox,94.4958
2011-07,Politico,94.4958
2011-07,Washington Post,94.4958
2011-07,Buzzfeed News,94.4958
2011-07,Gizmodo,94.4958
2011-07,Economist,94.4958
2011-07,Wired,94.4958
2011-07,Fox News,94.4958
2011-07,Vice News,94.4958
2011-07,Hyperallergic,94.4958
2011-07,New Republic,94.4958
2011-07,New Yorker,94.4958
2011-08,Reuters,95.0974
2011-08,The New York Times,95.0974
2011-08,CNBC,95.0974
2011-08,The Hill,95.0974
2011-08,People,95.0974
2011-08,CNN,95.0974
2011-08,Refinery 29,95.0974
2011-08,Vice,95.0974
2011-08,Mashable,95.0974
2011-08,Business Insider,95.0974
2011-08,The Verge,95.0974
2011-08,TechCrunch,95.0974
2011-08,TMZ,95.0974
2011-08,Axios,95.0974
2011-08,Vox,95.0974
2011-08,Politico,95.0974
2011-08,Washington Post,95.0974
2011-08,Buzzfeed News,95.0974
2011-08,Gizmodo,95.0974
2011-08,Economist,95.0974
2011-08,Wired,95.0974
2011-08,Fox News,95.0974
2011-08,Vice News,95.0974
2011-08,Hyperallergic,95.0974
2011-08,New Republic,95.0974
2011-08,New Yorker,95.0974
2011-09,Reuters,95.0244
2011-09,The New York Times,95.0244
2011-09,CNBC,95.0244
2011-09,The Hill,95.0244
2011-09,People,95.0244
2011-09,CNN,95.0244
2011-09,Refinery 29,95.0244
2011-09,Vice,95.0244
2011-09,Mashable,95.0244
2011-09,Business Insider,95.0244
2011-09,The Verge,95.0244
2011-09,TechCrunch,95.0244
2011-09,TMZ,95.0244
2011-09,Axios,95.0244
2011-09,Vox,95.0244
2011-09,Politico,95.0244
2011-09,Washington Post,95.0244
2011-09,Buzzfeed News,95.0244
2011-09,Gizmodo,95.0244
2011-09,Economist,95.0244
2011-09,Wired,95.0244
2011-09,Fox News,95.0244
2011-09,Vice News,95.0244
2011-09,Hyperallergic,95.0244
2011-09,New Republic,95.0244
2011-09,New Yorker,95.0244
2011-10,Reuters,95.6891
2011-10,The New York Times,95.6891
2011-10,CNBC,95.6891
2011-10,The Hill,95.6891
2011-10,People,95.6891
2011-10,CNN,95.6891
2011-10,Refinery 29,95.6891
2011-10,Vice,95.6891
2011-10,Mashable,95.6891
2011-10,Business Insider,95.6891
2011-10,The Verge,95.6891
2011-10,TechCrunch,95.6891
2011-10,TMZ,95.6891
2011-10,Axios,95.6891
2011-10,Vox,95.6891
2011-10,Politico,95.6891
2011-10,Washington Post,95.6891
2011-10,Buzzfeed News,95.6891
2011-10,Gizmodo,95.6891
2011-10,Economist,95.6891
2011-10,Wired,95.6891
2011-10,Fox News,95.6891
2011-10,Vice News,95.6891
2011-10,Hyperallergic,95.6891
2011-10,New Republic,95.6891
2011-10,New Yorker,95.6891
2011-11,Reuters,95.6778
2011-11,The New York Times,95.6778
2011-11,CNBC,95.6778
2011-11,The Hill,95.6778
2011-11,People,95.6778
2011-11,CNN,95.6778
2011-11,Refinery 29,95.6778
2011-11,Vice,95.6778
2011-11,Mashable,95.6778
2011-11,Business Insider,95.6778
2011-11,The Verge,95.6778
2011-11,TechCrunch,95.6778
2011-11,TMZ,95.6778
2011-11,Axios,95.6778
2011-11,Vox,95.6778
2011-11,Politico,95.6778
2011-11,Washington Post,95.6778
2011-11,Buzzfeed News,95.6778
2011-11,Gizmodo,95.6778
2011-11,Economist,95.6778
2011-11,Wired,95.6778
2011-11,Fox News,95.6778
2011-11,Vice News,95.6778
2011-11,Hyperallergic,95.6778
2011-11,New Republic,95.6778
2011-11,New Yorker,95.6778
2011-12,Reuters,96.1809
2011-12,The New York Times,96.1809
2011-12,CNBC,96.1809
2011-12,The Hill,96.1809
2011-12,People,96.1809
2011-12,CNN,96.1809
2011-12,Refinery 29,96.1809
2011-12,Vice,96.1809
2011-12,Mashable,96.1809
2011-12,Business Insider,96.1809
2011-12,The Verge,96.1809
2011-12,TechCrunch,96.1809
2011-12,TMZ,96.1809
2011-12,Axios,96.1809
2011-12,Vox,96.1809
2011-12,Politico,96.1809
2011-12,Washington Post,96.1809
2011-12,Buzzfeed News,96.1809
2011-12,Gizmodo,96.1809
2011-12,Economist,96.1809
2011-12,Wired,96.1809
2011-12,Fox News,96.1809
2011-12,Vice News,96.1809
2011-12,Hyperallergic,96.1809
2011-12,New Republic,96.1809
2011-12,New Yorker,96.1809
2012-01,Reuters,96.7595
2012-01,The New York Times,96.7595
2012-01,CNBC,96.7595
2012-01,The Hill,96.7595
2012-01,People,96.7595
2012-01,CNN,96.7595
2012-01,Refinery 29,96.7595
2012-01,Vice,96.7595
2012-01,Mashable,96.7595
2012-01,Business Insider,96.7595
2012-01,The Verge,96.7595
2012-01,TechCrunch,96.7595
2012-01,TMZ,96.7595
2012-01,Axios,96.7595
2012-01,Vox,96.7595
2012-01,Politico,96.7595
2012-01,Washington Post,96.7595
2012-01,Buzzfeed News,96.7595
2012-01,Gizmodo,96.7595
2012-01,Economist,96.7595
2012-01,Wired,96.7595
2012-01,Fox News,96.7595
2012-01,Vice News,96.7595
2012-01,Hyperallergic,96.7595
2012-01,New Republic,96.7595
2012-01,New Yorker,96.7595
2012-02,Reuters,97.0662
2012-02,The New York Times,97.0662
2012-02,CNBC,97.0662
2012-02,The Hill,97.0662
2012-02,People,97.0662
2012-02,CNN,97.0662
2012-02,Refinery 29,97.0662
2012-02,Vice,97.0662
2012-02,Mashable,97.0662
2012-02,Business Insider,97.0662
2012-02,The Verge,97.0662
2012-02,TechCrunch,97.0662
2012-02,TMZ,97.0662
2012-02,Axios,97.0662
2012-02,Vox,97.0662
2012-02,Politico,97.0662
2012-02,Washington Post,97.0662
2012-02,Buzzfeed News,97.0662
2012-02,Gizmodo,97.0662
2012-02,Economist,97.0662
2012-02,Wired,97.0662
2012-02,Fox News,97.0662
2012-02,Vice News,97.0662
2012-02,Hyperallergic,97.0662
2012-02,New Republic,97.0662
2012-02,New Yorker,97.0662
2012-03,Reuters,96.5609
2012-03,The New York Times,96.5609
2012-03,CNBC,96.5609
2012-03,The Hill,96.5609
2012-03,People,96.5609
2012-03,CNN,96.5609
2012-03,Refinery 29,96.5609
2012-03,Vice,96.5609
2012-03,Mashable,96.5609
2012-03,Business Insider,96.5609
2012-03,The Verge,96.5609
2012-03,TechCrunch,96.5609
2012-03,TMZ,96.5609
2012-03,Axios,96.5609
2012-03,Vox,96.5609
2012-03,Politico,96.5609
2012-03,Washington Post,96.5609
2012-03,Buzzfeed News,96.5609
2012-03,Gizmodo,96.5609
2012-03,Economist,96.5609
2012-03,Wired,96.5609
2012-03,Fox News,96.5609
2012-03,Vice News,96.5609
2012-03,Hyperallergic,96.5609
2012-03,New Republic,96.5609
2012-03,New Yorker,96.5609
2012-04,Reuters,97.251
2012-04,The New York Times,97.251
2012-04,CNBC,97.251
2012-04,The Hill,97.251
2012-04,People,97.251
2012-04,CNN,97.251
2012-04,Refinery 29,97.251
2012-04,Vice,97.251
2012-04,Mashable,97.251
2012-04,Business Insider,97.251
2012-04,The Verge,97.251
2012-04,TechCrunch,97.251
2012-04,TMZ,97.251
2012-04,Axios,97.251
2012-04,Vox,97.251
2012-04,Politico,97.251
2012-04,Washington Post,97.251
2012-04,Buzzfeed News,97.251
2012-04,Gizmodo,97.251
2012-04,Economist,97.251
2012-04,Wired,97.251
2012-04,Fox News,97.251
2012-04,Vice News,97.251
2012-04,Hyperallergic,97.251
2012-04,New Republic,97.251
2012-04,New Yorker,97.251
2012-05,Reuters,97.4595
2012-05,The New York Times,97.4595
2012-05,CNBC,97.4595
2012-05,The Hill,97.4595
2012-05,People,97.4595
2012-05,CNN,97.4595
2012-05,Refinery 29,97.4595
2012-05,Vice,97.4595
2012-05,Mashable,97.4595
2012-05,Business Insider,97.4595
2012-05,The Verge,97.4595
2012-05,TechCrunch,97.4595
2012-05,TMZ,97.4595
2012-05,Axios,97.4595
2012-05,Vox,97.4595
2012-05,Politico,97.4595
2012-05,Washington Post,97.4595
2012-05,Buzzfeed News,97.4595
2012-05,Gizmodo,97.4595
2012-05,Economist,97.4595
2012-05,Wired,97.4595
2012-05,Fox News,97.4595
2012-05,Vice News,97.4595
2012-05,Hyperallergic,97.4595
2012-05,New Republic,97.4595
2012-05,New Yorker,97.4595
2012-06,Reuters,97.4768
2012-06,The New York Times,97.4768
2012-06,CNBC,97.4768
2012-06,The Hill,97.4768
2012-06,People,97.4768
2012-06,CNN,97.4768
2012-06,Refinery 29,97.4768
2012-06,Vice,97.4768
2012-06,Mashable,97.4768
2012-06,Business Insider,97.4768
2012-06,The Verge,97.4768
2012-06,TechCrunch,97.4768
2012-06,TMZ,97.4768
2012-06,Axios,97.4768
2012-06,Vox,97.4768
2012-06,Politico,97.4768
2012-06,Washington Post,97.4768
2012-06,Buzzfeed News,97.4768
2012-06,Gizmodo,97.4768
2012-06,Economist,97.4768
2012-06,Wired,97.4768
2012-06,Fox News,97.4768
2012-06,Vice News,97.4768
2012-06,Hyperallergic,97.4768
2012-06,New Republic,97.4768
2012-06,New Yorker,97.4768
2012-07,Reuters,97.6714
2012-07,The New York Times,97.6714
2012-07,CNBC,97.6714
2012-07,The Hill,97.6714
2012-07,People,97.6714
2012-07,CNN,97.6714
2012-07,Refinery 29,97.6714
2012-07,Vice,97.6714
2012-07,Mashable,97.6714
2012-07,Business Insider,97.6714
2012-07,The Verge,97.6714
2012-07,TechCrunch,97.6714
2012-07,TMZ,97.6714
2012-07,Axios,97.6714
2012-07,Vox,97.6714
2012-07,Politico,97.6714
2012-07,Washington Post,97.6714
2012-07,Buzzfeed News,97.6714
2012-07,Gizmodo,97.6714
2012-07,Economist,97.6714
2012-07,Wired,97.6714
2012-07,Fox News,97.6714
2012-07,Vice News,97.6714
2012-07,Hyperallergic,97.6714
2012-07,New Republic,97.6714
2012-07,New Yorker,97.6714
2012-08,Reuters,97.2734
2012-08,The New York Times,97.2734
2012-08,CNBC,97.2734
2012-08,The Hill,97.2734
2012-08,People,97.2734
2012-08,CNN,97.2734
2012-08,Refinery 29,97.2734
2012-08,Vice,97.2734
2012-08,Mashable,97.2734
2012-08,Business Insider,97.2734
2012-08,The Verge,97.2734
2012-08,TechCrunch,97.2734
2012-08,TMZ,97.2734
2012-08,Axios,97.2734
2012-08,Vox,97.2734
2012-08,Politico,97.2734
2012-08,Washington Post,97.2734
2012-08,Buzzfeed News,97.2734
2012-08,Gizmodo,97.2734
2012-08,Economist,97.2734
2012-08,Wired,97.2734
2012-08,Fox News,97.2734
2012-08,Vice News,97.2734
2012-08,Hyperallergic,97.2734
2012-08,New Republic,97.2734
2012-08,New Yorker,97.2734
2012-09,Reuters,97.2217
2012-09,The New York Times,97.2217
2012-09,CNBC,97.2217
2012-09,The Hill,97.2217
2012-09,People,97.2217
2012-09,CNN,97.2217
2012-09,Refinery 29,97.2217
2012-09,Vice,97.2217
2012-09,Mashable,97.2217
2012-09,Business Insider,97.2217
2012-09,The Verge,97.2217
2012-09,TechCrunch,97.2217
2012-09,TMZ,97.2217
2012-09,Axios,97.2217
2012-09,Vox,97.2217
2012-09,Politico,97.2217
2012-09,Washington Post,97.2217
2012-09,Buzzfeed News,97.2217
2012-09,Gizmodo,97.2217
2012-09,Economist,97.2217
2012-09,Wired,97.2217
2012-09,Fox News,97.2217
2012-09,Vice News,97.2217
2012-09,Hyperallergic,97.2217
2012-09,New Republic,97.2217
2012-09,New Yorker,97.2217
2012-10,Reuters,97.5311
2012-10,The New York Times,97.5311
2012-10,CNBC,97.5311
2012-10,The Hill,97.5311
2012-10,People,97.5311
2012-10,CNN,97.5311
2012-10,Refinery 29,97.5311
2012-10,Vice,97.5311
2012-10,Mashable,97.5311
2012-10,Business Insider,97.5311
2012-10,The Verge,97.5311
2012-10,TechCrunch,97.5311
2012-10,TMZ,97.5311
2012-10,Axios,97.5311
2012-10,Vox,97.5311
2012-10,Politico,97.5311
2012-10,Washington Post,97.5311
2012-10,Buzzfeed News,97.5311
2012-10,Gizmodo,97.5311
2012-10,Economist,97.5311
2012-10,Wired,97.5311
2012-10,Fox News,97.5311
2012-10,Vice News,97.5311
2012-10,Hyperallergic,97.5311
2012-10,New Republic,97.5311
2012-10,New Yorker,97.5311
2012-11,Reuters,97.9084
2012-11,The New York Times,97.9084
2012-11,CNBC,97.9084
2012-11,The Hill,97.9084
2012-11,People,97.9084
2012-11,CNN,97.9084
2012-11,Refinery 29,97.9084
2012-11,Vice,97.9084
2012-11,Mashable,97.9084
2012-11,Business Insider,97.9084
2012-11,The Verge,97.9084
2012-11,TechCrunch,97.9084
2012-11,TMZ,97.9084
2012-11,Axios,97.9084
2012-11,Vox,97.9084
2012-11,Politico,97.9084
2012-11,Washington Post,97.9084
2012-11,Buzzfeed News,97.9084
2012-11,Gizmodo,97.9084
2012-11,Economist,97.9084
2012-11,Wired,97.9084
2012-11,Fox News,97.9084
2012-11,Vice News,97.9084
2012-11,Hyperallergic,97.9084
2012-11,New Republic,97.9084
2012-11,New Yorker,97.9084
2012-12,Reuters,98.1884
2012-12,The New York Times,98.1884
2012-12,CNBC,98.1884
2012-12,The Hill,98.1884
2012-12,People,98.1884
2012-12,CNN,98.1884
2012-12,Refinery 29,98.1884
2012-12,Vice,98.1884
2012-12,Mashable,98.1884
2012-12,Business Insider,98.1884
2012-12,The Verge,98.1884
2012-12,TechCrunch,98.1884
2012-12,TMZ,98.1884
2012-12,Axios,98.1884
2012-12,Vox,98.1884
2012-12,Politico,98.1884
2012-12,Washington Post,98.1884
2012-12,Buzzfeed News,98.1884
2012-12,Gizmodo,98.1884
2012-12,Economist,98.1884
2012-12,Wired,98.1884
2012-12,Fox News,98.1884
2012-12,Vice News,98.1884
2012-12,Hyperallergic,98.1884
2012-12,New Republic,98.1884
2012-12,New Yorker,98.1884
2013-01,Reuters,98.1736
2013-01,The New York Times,98.1736
2013-01,CNBC,98.1736
2013-01,The Hill,98.1736
2013-01,People,98.1736
2013-01,CNN,98.1736
2013-01,Refinery 29,98.1736
2013-01,Vice,98.1736
2013-01,Mashable,98.1736
2013-01,Business Insider,98.1736
2013-01,The Verge,98.1736
2013-01,TechCrunch,98.1736
2013-01,TMZ,98.1736
2013-01,Axios,98.1736
2013-01,Vox,98.1736
2013-01,Politico,98.1736
2013-01,Washington Post,98.1736
2013-01,Buzzfeed News,98.1736
2013-01,Gizmodo,98.1736
2013-01,Economist,98.1736
2013-01,Wired,98.1736
2013-01,Fox News,98.1736
2013-01,Vice News,98.1736
2013-01,Hyperallergic,98.1736
2013-01,New Republic,98.1736
2013-01,New Yorker,98.1736
2013-02,Reuters,98.6434
2013-02,The New York Times,98.6434
2013-02,CNBC,98.6434
2013-02,The Hill,98.6434
2013-02,People,98.6434
2013-02,CNN,98.6434
2013-02,Refinery 29,98.6434
2013-02,Vice,98.6434
2013-02,Mashable,98.6434
2013-02,Business Insider,98.6434
2013-02,The Verge,98.6434
2013-02,TechCrunch,98.6434
2013-02,TMZ,98.6434
2013-02,Axios,98.6434
2013-02,Vox,98.6434
2013-02,Politico,98.6434
2013-02,Washington Post,98.6434
2013-02,Buzzfeed News,98.6434
2013-02,Gizmodo,98.6434
2013-02,Economist,98.6434
2013-02,Wired,98.6434
2013-02,Fox News,98.6434
2013-02,Vice News,98.6434
2013-02,Hyperallergic,98.6434
2013-02,New Republic,98.6434
2013-02,New Yorker,98.6434
2013-03,Reuters,99.047
2013-03,The New York Times,99.047
2013-03,CNBC,99.047
2013-03,The Hill,99.047
2013-03,People,99.047
2013-03,CNN,99.047
2013-03,Refinery 29,99.047
2013-03,Vice,99.047
2013-03,Mashable,99.047
2013-03,Business Insider,99.047
2013-03,The Verge,99.047
2013-03,TechCrunch,99.047
2013-03,TMZ,99.047
2013-03,Axios,99.047
2013-03,Vox,99.047
2013-03,Politico,99.047
2013-03,Washington Post,99.047
2013-03,Buzzfeed News,99.047
2013-03,Gizmodo,99.047
2013-03,Economist,99.047
2013-03,Wired,99.047
2013-03,Fox News,99.047
2013-03,Vice News,99.047
2013-03,Hyperallergic,99.047
2013-03,New Republic,99.047
2013-03,New Yorker,99.047
2013-04,Reuters,98.9445
2013-04,The New York Times,98.9445
2013-04,CNBC,98.9445
2013-04,The Hill,98.9445
2013-04,People,98.9445
2013-04,CNN,98.9445
2013-04,Refinery 29,98.9445
2013-04,Vice,98.9445
2013-04,Mashable,98.9445
2013-04,Business Insider,98.9445
2013-04,The Verge,98.9445
2013-04,TechCrunch,98.9445
2013-04,TMZ,98.9445
2013-04,Axios,98.9445
2013-04,Vox,98.9445
2013-04,Politico,98.9445
2013-04,Washington Post,98.9445
2013-04,Buzzfeed News,98.9445
2013-04,Gizmodo,98.9445
2013-04,Economist,98.9445
2013-04,Wired,98.9445
2013-04,Fox News,98.9445
2013-04,Vice News,98.9445
2013-04,Hyperallergic,98.9445
2013-04,New Republic,98.9445
2013-04,New Yorker,98.9445
2013-05,Reuters,99.0383
2013-05,The New York Times,99.0383
2013-05,CNBC,99.0383
2013-05,The Hill,99.0383
2013-05,People,99.0383
2013-05,CNN,99.0383
2013-05,Refinery 29,99.0383
2013-05,Vice,99.0383
2013-05,Mashable,99.0383
2013-05,Business Insider,99.0383
2013-05,The Verge,99.0383
2013-05,TechCrunch,99.0383
2013-05,TMZ,99.0383
2013-05,Axios,99.0383
2013-05,Vox,99.0383
2013-05,Politico,99.0383
2013-05,Washington Post,99.0383
2013-05,Buzzfeed News,99.0383
2013-05,Gizmodo,99.0383
2013-05,Economist,99.0383
2013-05,Wired,99.0383
2013-05,Fox News,99.0383
2013-05,Vice News,99.0383
2013-05,Hyperallergic,99.0383
2013-05,New Republic,99.0383
2013-05,New Yorker,99.0383
2013-06,Reuters,99.2221
2013-06,The New York Times,99.2221
2013-06,CNBC,99.2221
2013-06,The Hill,99.2221
2013-06,People,99.2221
2013-06,CNN,99.2221
2013-06,Refinery 29,99.2221
2013-06,Vice,99.2221
2013-06,Mashable,99.2221
2013-06,Business Insider,99.2221
2013-06,The Verge,99.2221
2013-06,TechCrunch,99.2221
2013-06,TMZ,99.2221
2013-06,Axios,99.2221
2013-06,Vox,99.2221
2013-06,Politico,99.2221
2013-06,Washington Post,99.2221
2013-06,Buzzfeed News,99.2221
2013-06,Gizmodo,99.2221
2013-06,Economist,99.2221
2013-06,Wired,99.2221
2013-06,Fox News,99.2221
2013-06,Vice News,99.2221
2013-06,Hyperallergic,99.2221
2013-06,New Republic,99.2221
2013-06,New Yorker,99.2221
2013-07,Reuters,98.8987
2013-07,The New York Times,98.8987
2013-07,CNBC,98.8987
2013-07,The Hill,98.8987
2013-07,People,98.8987
2013-07,CNN,98.8987
2013-07,Refinery 29,98.8987
2013-07,Vice,98.8987
2013-07,Mashable,98.8987
2013-07,Business Insider,98.8987
2013-07,The Verge,98.8987
2013-07,TechCrunch,98.8987
2013-07,TMZ,98.8987
2013-07,Axios,98.8987
2013-07,Vox,98.8987
2013-07,Politico,98.8987
2013-07,Washington Post,98.8987
2013-07,Buzzfeed News,98.8987
2013-07,Gizmodo,98.8987
2013-07,Economist,98.8987
2013-07,Wired,98.8987
2013-07,Fox News,98.8987
2013-07,Vice News,98.8987
2013-07,Hyperallergic,98.8987
2013-07,New Republic,98.8987
2013-07,New Yorker,98.8987
2013-08,Reuters,99.4897
2013-08,The New York Times,99.4897
2013-08,CNBC,99.4897
2013-08,The Hill,99.4897
2013-08,People,99.4897
2013-08,CNN,99.4897
2013-08,Refinery 29,99.4897
2013-08,Vice,99.4897
2013-08,Mashable,99.4897
2013-08,Business Insider,99.4897
2013-08,The Verge,99.4897
2013-08,TechCrunch,99.4897
2013-08,TMZ,99.4897
2013-08,Axios,99.4897
2013-08,Vox,99.4897
2013-08,Politico,99.4897
2013-08,Washington Post,99.4897
2013-08,Buzzfeed News,99.4897
2013-08,Gizmodo,99.4897
2013-08,Economist,99.4897
2013-08,Wired,99.4897
2013-08,Fox News,99.4897
2013-08,Vice News,99.4897
2013-08,Hyperallergic,99.4897
2013-08,New Republic,99.4897
2013-08,New Yorker,99.4897
2013-09,Reuters,100.021
2013-09,The New York Times,100.021
2013-09,CNBC,100.021
2013-09,The Hill,100.021
2013-09,People,100.021
2013-09,CNN,100.021
2013-09,Refinery 29,100.021
2013-09,Vice,100.021
2013-09,Mashable,100.021
2013-09,Business Insider,100.021
2013-09,The Verge,100.021
2013-09,TechCrunch,100.021
2013-09,TMZ,100.021
2013-09,Axios,100.021
2013-09,Vox,100.021
2013-09,Politico,100.021
2013-09,Washington Post,100.021
2013-09,Buzzfeed News,100.021
2013-09,Gizmodo,100.021
2013-09,Economist,100.021
2013-09,Wired,100.021
2013-09,Fox News,100.021
2013-09,Vice News,100.021
2013-09,Hyperallergic,100.021
2013-09,New Republic,100.021
2013-09,New Yorker,100.021
2013-10,Reuters,99.9037
2013-10,The New York Times,99.9037
2013-10,CNBC,99.9037
2013-10,The Hill,99.9037
2013-10,People,99.9037
2013-10,CNN,99.9037
2013-10,Refinery 29,99.9037
2013-10,Vice,99.9037
2013-10,Mashable,99.9037
2013-10,Business Insider,99.9037
2013-10,The Verge,99.9037
2013-10,TechCrunch,99.9037
2013-10,TMZ,99.9037
2013-10,Axios,99.9037
2013-10,Vox,99.9037
2013-10,Politico,99.9037
2013-10,Washington Post,99.9037
2013-10,Buzzfeed News,99.9037
2013-10,Gizmodo,99.9037
2013-10,Economist,99.9037
2013-10,Wired,99.9037
2013-10,Fox News,99.9037
2013-10,Vice News,99.9037
2013-10,Hyperallergic,99.9037
2013-10,New Republic,99.9037
2013-10,New Yorker,99.9037
2013-11,Reuters,100.1582
2013-11,The New York Times,100.1582
2013-11,CNBC,100.1582
2013-11,The Hill,100.1582
2013-11,People,100.1582
2013-11,CNN,100.1582
2013-11,Refinery 29,100.1582
2013-11,Vice,100.1582
2013-11,Mashable,100.1582
2013-11,Business Insider,100.1582
2013-11,The Verge,100.1582
2013-11,TechCrunch,100.1582
2013-11,TMZ,100.1582
2013-11,Axios,100.1582
2013-11,Vox,100.1582
2013-11,Politico,100.1582
2013-11,Washington Post,100.1582
2013-11,Buzzfeed News,100.1582
2013-11,Gizmodo,100.1582
2013-11,Economist,100.1582
2013-11,Wired,100.1582
2013-11,Fox News,100.1582
2013-11,Vice News,100.1582
2013-11,Hyperallergic,100.1582
2013-11,New Republic,100.1582
2013-11,New Yorker,100.1582
2013-12,Reuters,100.374
2013-12,The New York Times,100.374
2013-12,CNBC,100.374
2013-12,The Hill,100.374
2013-12,People,100.374
2013-12,CNN,100.374
2013-12,Refinery 29,100.374
2013-12,Vice,100.374
2013-12,Mashable,100.374
2013-12,Business Insider,100.374
2013-12,The Verge,100.374
2013-12,TechCrunch,100.374
2013-12,TMZ,100.374
2013-12,Axios,100.374
2013-12,Vox,100.374
2013-12,Politico,100.374
2013-12,Washington Post,100.374
2013-12,Buzzfeed News,100.374
2013-12,Gizmodo,100.374
2013-12,Economist,100.374
2013-12,Wired,100.374
2013-12,Fox News,100.374
2013-12,Vice News,100.374
2013-12,Hyperallergic,100.374
2013-12,New Republic,100.374
2013-12,New Yorker,100.374
2014-01,Reuters,99.9899
2014-01,The New York Times,99.9899
2014-01,CNBC,99.9899
2014-01,The Hill,99.9899
2014-01,People,99.9899
2014-01,CNN,99.9899
2014-01,Refinery 29,99.9899
2014-01,Vice,99.9899
2014-01,Mashable,99.9899
2014-01,Business Insider,99.9899
2014-01,The Verge,99.9899
2014-01,TechCrunch,99.9899
2014-01,TMZ,99.9899
2014-01,Axios,99.9899
2014-01,Vox,99.9899
2014-01,Politico,99.9899
2014-01,Washington Post,99.9899
2014-01,Buzzfeed News,99.9899
2014-01,Gizmodo,99.9899
2014-01,Economist,99.9899
2014-01,Wired,99.9899
2014-01,Fox News,99.9899
2014-01,Vice News,99.9899
2014-01,Hyperallergic,99.9899
2014-01,New Republic,99.9899
2014-01,New Yorker,99.9899
2014-02,Reuters,100.7471
2014-02,The New York Times,100.7471
2014-02,CNBC,100.7471
2014-02,The Hill,100.7471
2014-02,People,100.7471
2014-02,CNN,100.7471
2014-02,Refinery 29,100.7471
2014-02,Vice,100.7471
2014-02,Mashable,100.7471
2014-02,Business Insider,100.7471
2014-02,The Verge,100.7471
2014-02,TechCrunch,100.7471
2014-02,TMZ,100.7471
2014-02,Axios,100.7471
2014-02,Vox,100.7471
2014-02,Politico,100.7471
2014-02,Washington Post,100.7471
2014-02,Buzzfeed News,100.7471
2014-02,Gizmodo,100.7471
2014-02,Economist,100.7471
2014-02,Wired,100.7471
2014-02,Fox News,100.7471
2014-02,Vice News,100.7471
2014-02,Hyperallergic,100.7471
2014-02,New Republic,100.7471
2014-02,New Yorker,100.7471
2014-03,Reuters,101.7435
2014-03,The New York Times,101.7435
2014-03,CNBC,101.7435
2014-03,The Hill,101.7435
2014-03,People,101.7435
2014-03,CNN,101.7435
2014-03,Refinery 29,101.7435
2014-03,Vice,101.7435
2014-03,Mashable,101.7435
2014-03,Business Insider,101.7435
2014-03,The Verge,101.7435
2014-03,TechCrunch,101.7435
2014-03,TMZ,101.7435
2014-03,Axios,101.7435
2014-03,Vox,101.7435
2014-03,Politico,101.7435
2014-03,Washington Post,101.7435
2014-03,Buzzfeed News,101.7435
2014-03,Gizmodo,101.7435
2014-03,Economist,101.7435
2014-03,Wired,101.7435
2014-03,Fox News,101.7435
2014-03,Vice News,101.7435
2014-03,Hyperallergic,101.7435
2014-03,New Republic,101.7435
2014-03,New Yorker,101.7435
2014-04,Reuters,101.8273
2014-04,The New York Times,101.8273
2014-04,CNBC,101.8273
2014-04,The Hill,101.8273
2014-04,People,101.8273
2014-04,CNN,101.8273
2014-04,Refinery 29,101.8273
2014-04,Vice,101.8273
2014-04,Mashable,101.8273
2014-04,Business Insider,101.8273
2014-04,The Verge,101.8273
2014-04,TechCrunch,101.8273
2014-04,TMZ,101.8273
2014-04,Axios,101.8273
2014-04,Vox,101.8273
2014-04,Politico,101.8273
2014-04,Washington Post,101.8273
2014-04,Buzzfeed News,101.8273
2014-04,Gizmodo,101.8273
2014-04,Economist,101.8273
2014-04,Wired,101.8273
2014-04,Fox News,101.8273
2014-04,Vice News,101.8273
2014-04,Hyperallergic,101.8273
2014-04,New Republic,101.8273
2014-04,New Yorker,101.8273
2014-05,Reuters,102.2392
2014-05,The New York Times,102.2392
2014-05,CNBC,102.2392
2014-05,The Hill,102.2392
2014-05,People,102.2392
2014-05,CNN,102.2392
2014-05,Refinery 29,102.2392
2014-05,Vice,102.2392
2014-05,Mashable,102.2392
2014-05,Business Insider,102.2392
2014-05,The Verge,102.2392
2014-05,TechCrunch,102.2392
2014-05,TMZ,102.2392
2014-05,Axios,102.2392
2014-05,Vox,102.2392
2014-05,Politico,102.2392
2014-05,Washington Post,102.2392
2014-05,Buzzfeed News,102.2392
2014-05,Gizmodo,102.2392
2014-05,Economist,102.2392
2014-05,Wired,102.2392
2014-05,Fox News,102.2392
2014-05,Vice News,102.2392
2014-05,Hyperallergic,102.2392
2014-05,New Republic,102.2392
2014-05,New Yorker,102.2392
2014-06,Reuters,102.5774
2014-06,The New York Times,102.5774
2014-06,CNBC,102.5774
2014-06,The Hill,102.5774
2014-06,People,102.5774
2014-06,CNN,102.5774
2014-06,Refinery 29,102.5774
2014-06,Vice,102.5774
2014-06,Mashable,102.5774
2014-06,Business Insider,102.5774
2014-06,The Verge,102.5774
2014-06,TechCrunch,102.5774
2014-06,TMZ,102.5774
2014-06,Axios,102.5774
2014-06,Vox,102.5774
2014-06,Politico,102.5774
2014-06,Washington Post,102.5774
2014-06,Buzzfeed News,102.5774
2014-06,Gizmodo,102.5774
2014-06,Economist,102.5774
2014-06,Wired,102.5774
2014-06,Fox News,102.5774
2014-06,Vice News,102.5774
2014-06,Hyperallergic,102.5774
2014-06,New Republic,102.5774
2014-06,New Yorker,102.5774
2014-07,Reuters,102.7954
2014-07,The New York Times,102.7954
2014-07,CNBC,102.7954
2014-07,The Hill,102.7954
2014-07,People,102.7954
2014-07,CNN,102.7954
2014-07,Refinery 29,102.7954
2014-07,Vice,102.7954
2014-07,Mashable,102.7954
2014-07,Business Insider,102.7954
2014-07,The Verge,102.7954
2014-07,TechCrunch,102.7954
2014-07,TMZ,102.7954
2014-07,Axios,102.7954
2014-07,Vox,102.7954
2014-07,Politico,102.7954
2014-07,Washington Post,102.7954
2014-07,Buzzfeed News,102.7954
2014-07,Gizmodo,102.7954
2014-07,Economist,102.7954
2014-07,Wired,102.7954
2014-07,Fox News,102.7954
2014-07,Vice News,102.7954
2014-07,Hyperallergic,102.7954
2014-07,New Republic,102.7954
2014-07,New Yorker,102.7954
2014-08,Reuters,102.6322
2014-08,The New York Times,102.6322
2014-08,CNBC,102.6322
2014-08,The Hill,102.6322
2014-08,People,102.6322
2014-08,CNN,102.6322
2014-08,Refinery 29,102.6322
2014-08,Vice,102.6322
2014-08,Mashable,102.6322
2014-08,Business Insider,102.6322
2014-08,The Verge,102.6322
2014-08,TechCrunch,102.6322
2014-08,TMZ,102.6322
2014-08,Axios,102.6322
2014-08,Vox,102.6322
2014-08,Politico,102.6322
2014-08,Washington Post,102.6322
2014-08,Buzzfeed News,102.6322
2014-08,Gizmodo,102.6322
2014-08,Economist,102.6322
2014-08,Wired,102.6322
2014-08,Fox News,102.6322
2014-08,Vice News,102.6322
2014-08,Hyperallergic,102.6322
2014-08,New Republic,102.6322
2014-08,New Yorker,102.6322
2014-09,Reuters,102.9417
2014-09,The New York Times,102.9417
2014-09,CNBC,102.9417
2014-09,The Hill,102.9417
2014-09,People,102.9417
2014-09,CNN,102.9417
2014-09,Refinery 29,102.9417
2014-09,Vice,102.9417
2014-09,Mashable,102.9417
2014-09,Business Insider,102.9417
2014-09,The Verge,102.9417
2014-09,TechCrunch,102.9417
2014-09,TMZ,102.9417
2014-09,Axios,102.9417
2014-09,Vox,102.9417
2014-09,Politico,102.9417
2014-09,Washington Post,102.9417
2014-09,Buzzfeed News,102.9417
2014-09,Gizmodo,102.9417
2014-09,Economist,102.9417
2014-09,Wired,102.9417
2014-09,Fox News,102.9417
2014-09,Vice News,102.9417
2014-09,Hyperallergic,102.9417
2014-09,New Republic,102.9417
2014-09,New Yorker,102.9417
2014-10,Reuters,102.9611
2014-10,The New York Times,102.9611
2014-10,CNBC,102.9611
2014-10,The Hill,102.9611
2014-10,People,102.9611
2014-10,CNN,102.9611
2014-10,Refinery 29,102.9611
2014-10,Vice,102.9611
2014-10,Mashable,102.9611
2014-10,Business Insider,102.9611
2014-10,The Verge,102.9611
2014-10,TechCrunch,102.9611
2014-10,TMZ,102.9611
2014-10,Axios,102.9611
2014-10,Vox,102.9611
2014-10,Politico,102.9611
2014-10,Washington Post,102.9611
2014-10,Buzzfeed News,102.9611
2014-10,Gizmodo,102.9611
2014-10,Economist,102.9611
2014-10,Wired,102.9611
2014-10,Fox News,102.9611
2014-10,Vice News,102.9611
2014-10,Hyperallergic,102.9611
2014-10,New Republic,102.9611
2014-10,New Yorker,102.9611
2014-11,Reuters,103.5978
2014-11,The New York Times,103.5978
2014-11,CNBC,103.5978
2014-11,The Hill,103.5978
2014-11,People,103.5978
2014-11,CNN,103.5978
2014-11,Refinery 29,103.5978
2014-11,Vice,103.5978
2014-11,Mashable,103.5978
2014-11,Business Insider,103.5978
2014-11,The Verge,103.5978
2014-11,TechCrunch,103.5978
2014-11,TMZ,103.5978
2014-11,Axios,103.5978
2014-11,Vox,103.5978
2014-11,Politico,103.5978
2014-11,Washington Post,103.5978
2014-11,Buzzfeed News,103.5978
2014-11,Gizmodo,103.5978
2014-11,Economist,103.5978
2014-11,Wired,103.5978
2014-11,Fox News,103.5978
2014-11,Vice News,103.5978
2014-11,Hyperallergic,103.5978
2014-11,New Republic,103.5978
2014-11,New Yorker,103.5978
2014-12,Reuters,103.6151
2014-12,The New York Times,103.6151
2014-12,CNBC,103.6151
2014-12,The Hill,103.6151
2014-12,People,103.6151
2014-12,CNN,103.6151
2014-12,Refinery 29,103.6151
2014-12,Vice,103.6151
2014-12,Mashable,103.6151
2014-12,Business Insider,103.6151
2014-12,The Verge,103.6151
2014-12,TechCrunch,103.6151
2014-12,TMZ,103.6151
2014-12,Axios,103.6151
2014-12,Vox,103.6151
2014-12,Politico,103.6151
2014-12,Washington Post,103.6151
2014-12,Buzzfeed News,103.6151
2014-12,Gizmodo,103.6151
2014-12,Economist,103.6151
2014-12,Wired,103.6151
2014-12,Fox News,103.6151
2014-12,Vice News,103.6151
2014-12,Hyperallergic,103.6151
2014-12,New Republic,103.6151
2014-12,New Yorker,103.6151
2015-01,Reuters,102.7923
2015-01,The New York Times,102.7923
2015-01,CNBC,102.7923
2015-01,The Hill,102.7923
2015-01,People,102.7923
2015-01,CNN,102.7923
2015-01,Refinery 29,102.7923
2015-01,Vice,102.7923
2015-01,Mashable,102.7923
2015-01,Business Insider,102.7923
2015-01,The Verge,102.7923
2015-01,TechCrunch,102.7923
2015-01,TMZ,102.7923
2015-01,Axios,102.7923
2015-01,Vox,102.7923
2015-01,Politico,102.7923
2015-01,Washington Post,102.7923
2015-01,Buzzfeed News,102.7923
2015-01,Gizmodo,102.7923
2015-01,Economist,102.7923
2015-01,Wired,102.7923
2015-01,Fox News,102.7923
2015-01,Vice News,102.7923
2015-01,Hyperallergic,102.7923
2015-01,New Republic,102.7923
2015-01,New Yorker,102.7923
2015-02,Reuters,102.1366
2015-02,The New York Times,102.1366
2015-02,CNBC,102.1366
2015-02,The Hill,102.1366
2015-02,People,102.1366
2015-02,CNN,102.1366
2015-02,Refinery 29,102.1366
2015-02,Vice,102.1366
2015-02,Mashable,102.1366
2015-02,Business Insider,102.1366
2015-02,The Verge,102.1366
2015-02,TechCrunch,102.1366
2015-02,TMZ,102.1366
2015-02,Axios,102.1366
2015-02,Vox,102.1366
2015-02,Politico,102.1366
2015-02,Washington Post,102.1366
2015-02,Buzzfeed News,102.1366
2015-02,Gizmodo,102.1366
2015-02,Economist,102.1366
2015-02,Wired,102.1366
2015-02,Fox News,102.1366
2015-02,Vice News,102.1366
2015-02,Hyperallergic,102.1366
2015-02,New Republic,102.1366
2015-02,New Yorker,102.1366
2015-03,Reuters,101.7869
2015-03,The New York Times,101.7869
2015-03,CNBC,101.7869
2015-03,The Hill,101.7869
2015-03,People,101.7869
2015-03,CNN,101.7869
2015-03,Refinery 29,101.7869
2015-03,Vice,101.7869
2015-03,Mashable,101.7869
2015-03,Business Insider,101.7869
2015-03,The Verge,101.7869
2015-03,TechCrunch,101.7869
2015-03,TMZ,101.7869
2015-03,Axios,101.7869
2015-03,Vox,101.7869
2015-03,Politico,101.7869
2015-03,Washington Post,101.7869
2015-03,Buzzfeed News,101.7869
2015-03,Gizmodo,101.7869
2015-03,Economist,101.7869
2015-03,Wired,101.7869
2015-03,Fox News,101.7869
2015-03,Vice News,101.7869
2015-03,Hyperallergic,101.7869
2015-03,New Republic,101.7869
2015-03,New Yorker,101.7869
2015-04,Reuters,101.2255
2015-04,The New York Times,101.2255
2015-04,CNBC,101.2255
2015-04,The Hill,101.2255
2015-04,People,101.2255
2015-04,CNN,101.2255
2015-04,Refinery 29,101.2255
2015-04,Vice,101.2255
2015-04,Mashable,101.2255
2015-04,Business Insider,101.2255
2015-04,The Verge,101.2255
2015-04,TechCrunch,101.2255
2015-04,TMZ,101.2255
2015-04,Axios,101.2255
2015-04,Vox,101.2255
2015-04,Politico,101.2255
2015-04,Washington Post,101.2255
2015-04,Buzzfeed News,101.2255
2015-04,Gizmodo,101.2255
2015-04,Economist,101.2255
2015-04,Wired,101.2255
2015-04,Fox News,101.2255
2015-04,Vice News,101.2255
2015-04,Hyperallergic,101.2255
2015-04,New Republic,101.2255
2015-04,New Yorker,101.2255
2015-05,Reuters,100.7675
2015-05,The New York Times,100.7675
2015-05,CNBC,100.7675
2015-05,The Hill,100.7675
2015-05,People,100.7675
2015-05,CNN,100.7675
2015-05,Refinery 29,100.7675
2015-05,Vice,100.7675
2015-05,Mashable,100.7675
2015-05,Business Insider,100.7675
2015-05,The Verge,100.7675
2015-05,TechCrunch,100.7675
2015-05,TMZ,100.7675
2015-05,Axios,100.7675
2015-05,Vox,100.7675
2015-05,Politico,100.7675
2015-05,Washington Post,100.7675
2015-05,Buzzfeed News,100.7675
2015-05,Gizmodo,100.7675
2015-05,Economist,100.7675
2015-05,Wired,100.7675
2015-05,Fox News,100.7675
2015-05,Vice News,100.7675
2015-05,Hyperallergic,100.7675
2015-05,New Republic,100.7675
2015-05,New Yorker,100.7675
2015-06,Reuters,100.4588
2015-06,The New York Times,100.4588
2015-06,CNBC,100.4588
2015-06,The Hill,100.4588
2015-06,People,100.4588
2015-06,CNN,100.4588
2015-06,Refinery 29,100.4588
2015-06,Vice,100.4588
2015-06,Mashable,100.4588
2015-06,Business Insider,100.4588
2015-06,The Verge,100.4588
2015-06,TechCrunch,100.4588
2015-06,TMZ,100.4588
2015-06,Axios,100.4588
2015-06,Vox,100.4588
2015-06,Politico,100.4588
2015-06,Washington Post,100.4588
2015-06,Buzzfeed News,100.4588
2015-06,Gizmodo,100.4588
2015-06,Economist,100.4588
2015-06,Wired,100.4588
2015-06,Fox News,100.4588
2015-06,Vice News,100.4588
2015-06,Hyperallergic,100.4588
2015-06,New Republic,100.4588
2015-06,New Yorker,100.4588
2015-07,Reuters,101.0893
2015-07,The New York Times,101.0893
2015-07,CNBC,101.0893
2015-07,The Hill,101.0893
2015-07,People,101.0893
2015-07,CNN,101.0893
2015-07,Refinery 29,101.0893
2015-07,Vice,101.0893
2015-07,Mashable,101.0893
2015-07,Business Insider,101.0893
2015-07,The Verge,101.0893
2015-07,TechCrunch,101.0893
2015-07,TMZ,101.0893
2015-07,Axios,101.0893
2015-07,Vox,101.0893
2015-07,Politico,101.0893
2015-07,Washington Post,101.0893
2015-07,Buzzfeed News,101.0893
2015-07,Gizmodo,101.0893
2015-07,Economist,101.0893
2015-07,Wired,101.0893
2015-07,Fox News,101.0893
2015-07,Vice News,101.0893
2015-07,Hyperallergic,101.0893
2015-07,New Republic,101.0893
2015-07,New Yorker,101.0893
2015-08,Reuters,100.9165
2015-08,The New York Times,100.9165
2015-08,CNBC,100.9165
2015-08,The Hill,100.9165
2015-08,People,100.9165
2015-08,CNN,100.9165
2015-08,Refinery 29,100.9165
2015-08,Vice,100.9165
2015-08,Mashable,100.9165
2015-08,Business Insider,100.9165
2015-08,The Verge,100.9165
2015-08,TechCrunch,100.9165
2015-08,TMZ,100.9165
2015-08,Axios,100.9165
2015-08,Vox,100.9165
2015-08,Politico,100.9165
2015-08,Washington Post,100.9165
2015-08,Buzzfeed News,100.9165
2015-08,Gizmodo,100.9165
2015-08,Economist,100.9165
2015-08,Wired,100.9165
2015-08,Fox News,100.9165
2015-08,Vice News,100.9165
2015-08,Hyperallergic,100.9165
2015-08,New Republic,100.9165
2015-08,New Yorker,100.9165
2015-09,Reuters,100.633
2015-09,The New York Times,100.633
2015-09,CNBC,100.633
2015-09,The Hill,100.633
2015-09,People,100.633
2015-09,CNN,100.633
2015-09,Refinery 29,100.633
2015-09,Vice,100.633
2015-09,Mashable,100.633
2015-09,Business Insider,100.633
2015-09,The Verge,100.633
2015-09,TechCrunch,100.633
2015-09,TMZ,100.633
2015-09,Axios,100.633
2015-09,Vox,100.633
2015-09,Politico,100.633
2015-09,Washington Post,100.633
2015-09,Buzzfeed News,100.633
2015-09,Gizmodo,100.633
2015-09,Economist,100.633
2015-09,Wired,100.633
2015-09,Fox News,100.633
2015-09,Vice News,100.633
2015-09,Hyperallergic,100.633
2015-09,New Republic,100.633
2015-09,New Yorker,100.633
2015-10,Reuters,100.1563
2015-10,The New York Times,100.1563
2015-10,CNBC,100.1563
2015-10,The Hill,100.1563
2015-10,People,100.1563
2015-10,CNN,100.1563
2015-10,Refinery 29,100.1563
2015-10,Vice,100.1563
2015-10,Mashable,100.1563
2015-10,Business Insider,100.1563
2015-10,The Verge,100.1563
2015-10,TechCrunch,100.1563
2015-10,TMZ,100.1563
2015-10,Axios,100.1563
2015-10,Vox,100.1563
2015-10,Politico,100.1563
2015-10,Washington Post,100.1563
2015-10,Buzzfeed News,100.1563
2015-10,Gizmodo,100.1563
2015-10,Economist,100.1563
2015-10,Wired,100.1563
2015-10,Fox News,100.1563
2015-10,Vice News,100.1563
2015-10,Hyperallergic,100.1563
2015-10,New Republic,100.1563
2015-10,New Yorker,100.1563
2015-11,Reuters,99.4366
2015-11,The New York Times,99.4366
2015-11,CNBC,99.4366
2015-11,The Hill,99.4366
2015-11,People,99.4366
2015-11,CNN,99.4366
2015-11,Refinery 29,99.4366
2015-11,Vice,99.4366
2015-11,Mashable,99.4366
2015-11,Business Insider,99.4366
2015-11,The Verge,99.4366
2015-11,TechCrunch,99.4366
2015-11,TMZ,99.4366
2015-11,Axios,99.4366
2015-11,Vox,99.4366
2015-11,Politico,99.4366
2015-11,Washington Post,99.4366
2015-11,Buzzfeed News,99.4366
2015-11,Gizmodo,99.4366
2015-11,Economist,99.4366
2015-11,Wired,99.4366
2015-11,Fox News,99.4366
2015-11,Vice News,99.4366
2015-11,Hyperallergic,99.4366
2015-11,New Republic,99.4366
2015-11,New Yorker,99.4366
2015-12,Reuters,98.9471
2015-12,The New York Times,98.9471
2015-12,CNBC,98.9471
2015-12,The Hill,98.9471
2015-12,People,98.9471
2015-12,CNN,98.9471
2015-12,Refinery 29,98.9471
2015-12,Vice,98.9471
2015-12,Mashable,98.9471
2015-12,Business Insider,98.9471
2015-12,The Verge,98.9471
2015-12,TechCrunch,98.9471
2015-12,TMZ,98.9471
2015-12,Axios,98.9471
2015-12,Vox,98.9471
2015-12,Politico,98.9471
2015-12,Washington Post,98.9471
2015-12,Buzzfeed News,98.9471
2015-12,Gizmodo,98.9471
2015-12,Economist,98.9471
2015-12,Wired,98.9471
2015-12,Fox News,98.9471
2015-12,Vice News,98.9471
2015-12,Hyperallergic,98.9471
2015-12,New Republic,98.9471
2015-12,New Yorker,98.9471
2016-01,Reuters,99.4391
2016-01,The New York Times,99.4391
2016-01,CNBC,99.4391
2016-01,The Hill,99.4391
2016-01,People,99.4391
2016-01,CNN,99.4391
2016-01,Refinery 29,99.4391
2016-01,Vice,99.4391
2016-01,Mashable,99.4391
2016-01,Business Insider,99.4391
2016-01,The Verge,99.4391
2016-01,TechCrunch,99.4391
2016-01,TMZ,99.4391
2016-01,Axios,99.4391
2016-01,Vox,99.4391
2016-01,Politico,99.4391
2016-01,Washington Post,99.4391
2016-01,Buzzfeed News,99.4391
2016-01,Gizmodo,99.4391
2016-01,Economist,99.4391
2016-01,Wired,99.4391
2016-01,Fox News,99.4391
2016-01,Vice News,99.4391
2016-01,Hyperallergic,99.4391
2016-01,New Republic,99.4391
2016-01,New Yorker,99.4391
2016-02,Reuters,98.9232
2016-02,The New York Times,98.9232
2016-02,CNBC,98.9232
2016-02,The Hill,98.9232
2016-02,People,98.9232
2016-02,CNN,98.9232
2016-02,Refinery 29,98.9232
2016-02,Vice,98.9232
2016-02,Mashable,98.9232
2016-02,Business Insider,98.9232
2016-02,The Verge,98.9232
2016-02,TechCrunch,98.9232
2016-02,TMZ,98.9232
2016-02,Axios,98.9232
2016-02,Vox,98.9232
2016-02,Politico,98.9232
2016-02,Washington Post,98.9232
2016-02,Buzzfeed News,98.9232
2016-02,Gizmodo,98.9232
2016-02,Economist,98.9232
2016-02,Wired,98.9232
2016-02,Fox News,98.9232
2016-02,Vice News,98.9232
2016-02,Hyperallergic,98.9232
2016-02,New Republic,98.9232
2016-02,New Yorker,98.9232
2016-03,Reuters,98.1635
2016-03,The New York Times,98.1635
2016-03,CNBC,98.1635
2016-03,The Hill,98.1635
2016-03,People,98.1635
2016-03,CNN,98.1635
2016-03,Refinery 29,98.1635
2016-03,Vice,98.1635
2016-03,Mashable,98.1635
2016-03,Business Insider,98.1635
2016-03,The Verge,98.1635
2016-03,TechCrunch,98.1635
2016-03,TMZ,98.1635
2016-03,Axios,98.1635
2016-03,Vox,98.1635
2016-03,Politico,98.1635
2016-03,Washington Post,98.1635
2016-03,Buzzfeed News,98.1635
2016-03,Gizmodo,98.1635
2016-03,Economist,98.1635
2016-03,Wired,98.1635
2016-03,Fox News,98.1635
2016-03,Vice News,98.1635
2016-03,Hyperallergic,98.1635
2016-03,New Republic,98.1635
2016-03,New Yorker,98.1635
2016-04,Reuters,98.4775
2016-04,The New York Times,98.4775
2016-04,CNBC,98.4775
2016-04,The Hill,98.4775
2016-04,People,98.4775
2016-04,CNN,98.4775
2016-04,Refinery 29,98.4775
2016-04,Vice,98.4775
2016-04,Mashable,98.4775
2016-04,Business Insider,98.4775
2016-04,The Verge,98.4775
2016-04,TechCrunch,98.4775
2016-04,TMZ,98.4775
2016-04,Axios,98.4775
2016-04,Vox,98.4775
2016-04,Politico,98.4775
2016-04,Washington Post,98.4775
2016-04,Buzzfeed News,98.4775
2016-04,Gizmodo,98.4775
2016-04,Economist,98.4775
2016-04,Wired,98.4775
2016-04,Fox News,98.4775
2016-04,Vice News,98.4775
2016-04,Hyperallergic,98.4775
2016-04,New Republic,98.4775
2016-04,New Yorker,98.4775
2016-05,Reuters,98.2549
2016-05,The New York Times,98.2549
2016-05,CNBC,98.2549
2016-05,The Hill,98.2549
2016-05,People,98.2549
2016-05,CNN,98.2549
2016-05,Refinery 29,98.2549
2016-05,Vice,98.2549
2016-05,Mashable,98.2549
2016-05,Business Insider,98.2549
2016-05,The Verge,98.2549
2016-05,TechCrunch,98.2549
2016-05,TMZ,98.2549
2016-05,Axios,98.2549
2016-05,Vox,98.2549
2016-05,Politico,98.2549
2016-05,Washington Post,98.2549
2016-05,Buzzfeed News,98.2549
2016-05,Gizmodo,98.2549
2016-05,Economist,98.2549
2016-05,Wired,98.2549
2016-05,Fox News,98.2549
2016-05,Vice News,98.2549
2016-05,Hyperallergic,98.2549
2016-05,New Republic,98.2549
2016-05,New Yorker,98.2549
2016-06,Reuters,98.7315
2016-06,The New York Times,98.7315
2016-06,CNBC,98.7315
2016-06,The Hill,98.7315
2016-06,People,98.7315
2016-06,CNN,98.7315
2016-06,Refinery 29,98.7315
2016-06,Vice,98.7315
2016-06,Mashable,98.7315
2016-06,Business Insider,98.7315
2016-06,The Verge,98.7315
2016-06,TechCrunch,98.7315
2016-06,TMZ,98.7315
2016-06,Axios,98.7315
2016-06,Vox,98.7315
2016-06,Politico,98.7315
2016-06,Washington Post,98.7315
2016-06,Buzzfeed News,98.7315
2016-06,Gizmodo,98.7315
2016-06,Economist,98.7315
2016-06,Wired,98.7315
2016-06,Fox News,98.7315
2016-06,Vice News,98.7315
2016-06,Hyperallergic,98.7315
2016-06,New Republic,98.7315
2016-06,New Yorker,98.7315
2016-07,Reuters,98.8452
2016-07,The New York Times,98.8452
2016-07,CNBC,98.8452
2016-07,The Hill,98.8452
2016-07,People,98.8452
2016-07,CNN,98.8452
2016-07,Refinery 29,98.8452
2016-07,Vice,98.8452
2016-07,Mashable,98.8452
2016-07,Business Insider,98.8452
2016-07,The Verge,98.8452
2016-07,TechCrunch,98.8452
2016-07,TMZ,98.8452
2016-07,Axios,98.8452
2016-07,Vox,98.8452
2016-07,Politico,98.8452
2016-07,Washington Post,98.8452
2016-07,Buzzfeed News,98.8452
2016-07,Gizmodo,98.8452
2016-07,Economist,98.8452
2016-07,Wired,98.8452
2016-07,Fox News,98.8452
2016-07,Vice News,98.8452
2016-07,Hyperallergic,98.8452
2016-07,New Republic,98.8452
2016-07,New Yorker,98.8452
2016-08,Reuters,98.7427
2016-08,The New York Times,98.7427
2016-08,CNBC,98.7427
2016-08,The Hill,98.7427
2016-08,People,98.7427
2016-08,CNN,98.7427
2016-08,Refinery 29,98.7427
2016-08,Vice,98.7427
2016-08,Mashable,98.7427
2016-08,Business Insider,98.7427
2016-08,The Verge,98.7427
2016-08,TechCrunch,98.7427
2016-08,TMZ,98.7427
2016-08,Axios,98.7427
2016-08,Vox,98.7427
2016-08,Politico,98.7427
2016-08,Washington Post,98.7427
2016-08,Buzzfeed News,98.7427
2016-08,Gizmodo,98.7427
2016-08,Economist,98.7427
2016-08,Wired,98.7427
2016-08,Fox News,98.7427
2016-08,Vice News,98.7427
2016-08,Hyperallergic,98.7427
2016-08,New Republic,98.7427
2016-08,New Yorker,98.7427
2016-09,Reuters,98.6552
2016-09,The New York Times,98.6552
2016-09,CNBC,98.6552
2016-09,The Hill,98.6552
2016-09,People,98.6552
2016-09,CNN,98.6552
2016-09,Refinery 29,98.6552
2016-09,Vice,98.6552
2016-09,Mashable,98.6552
2016-09,Business Insider,98.6552
2016-09,The Verge,98.6552
2016-09,TechCrunch,98.6552
2016-09,TMZ,98.6552
2016-09,Axios,98.6552
2016-09,Vox,98.6552
2016-09,Politico,98.6552
2016-09,Washington Post,98.6552
2016-09,Buzzfeed News,98.6552
2016-09,Gizmodo,98.6552
2016-09,Economist,98.6552
2016-09,Wired,98.6552
2016-09,Fox News,98.6552
2016-09,Vice News,98.6552
2016-09,Hyperallergic,98.6552
2016-09,New Republic,98.6552
2016-09,New Yorker,98.6552
2016-10,Reuters,98.7237
2016-10,The New York Times,98.7237
2016-10,CNBC,98.7237
2016-10,The Hill,98.7237
2016-10,People,98.7237
2016-10,CNN,98.7237
2016-10,Refinery 29,98.7237
2016-10,Vice,98.7237
2016-10,Mashable,98.7237
2016-10,Business Insider,98.7237
2016-10,The Verge,98.7237
2016-10,TechCrunch,98.7237
2016-10,TMZ,98.7237
2016-10,Axios,98.7237
2016-10,Vox,98.7237
2016-10,Politico,98.7237
2016-10,Washington Post,98.7237
2016-10,Buzzfeed News,98.7237
2016-10,Gizmodo,98.7237
2016-10,Economist,98.7237
2016-10,Wired,98.7237
2016-10,Fox News,98.7237
2016-10,Vice News,98.7237
2016-10,Hyperallergic,98.7237
2016-10,New Republic,98.7237
2016-10,New Yorker,98.7237
2016-11,Reuters,98.3443
2016-11,The New York Times,98.3443
2016-11,CNBC,98.3443
2016-11,The Hill,98.3443
2016-11,People,98.3443
2016-11,CNN,98.3443
2016-11,Refinery 29,98.3443
2016-11,Vice,98.3443
2016-11,Mashable,98.3443
2016-11,Business Insider,98.3443
2016-11,The Verge,98.3443
2016-11,TechCrunch,98.3443
2016-11,TMZ,98.3443
2016-11,Axios,98.3443
2016-11,Vox,98.3443
2016-11,Politico,98.3443
2016-11,Washington Post,98.3443
2016-11,Buzzfeed News,98.3443
2016-11,Gizmodo,98.3443
2016-11,Economist,98.3443
2016-11,Wired,98.3443
2016-11,Fox News,98.3443
2016-11,Vice News,98.3443
2016-11,Hyperallergic,98.3443
2016-11,New Republic,98.3443
2016-11,New Yorker,98.3443
2016-12,Reuters,99.0406
2016-12,The New York Times,99.0406
2016-12,CNBC,99.0406
2016-12,The Hill,99.0406
2016-12,People,99.0406
2016-12,CNN,99.0406
2016-12,Refinery 29,99.0406
2016-12,Vice,99.0406
2016-12,Mashable,99.0406
2016-12,Business Insider,99.0406
2016-12,The Verge,99.0406
2016-12,TechCrunch,99.0406
2016-12,TMZ,99.0406
2016-12,Axios,99.0406
2016-12,Vox,99.0406
2016-12,Politico,99.0406
2016-12,Washington Post,99.0406
2016-12,Buzzfeed News,99.0406
2016-12,Gizmodo,99.0406
2016-12,Economist,99.0406
2016-12,Wired,99.0406
2016-12,Fox News,99.0406
2016-12,Vice News,99.0406
2016-12,Hyperallergic,99.0406
2016-12,New Republic,99.0406
2016-12,New Yorker,99.0406
2017-01,Reuters,98.8158
2017-01,The New York Times,98.8158
2017-01,CNBC,98.8158
2017-01,The Hill,98.8158
2017-01,People,98.8158
2017-01,CNN,98.8158
2017-01,Refinery 29,98.8158
2017-01,Vice,98.8158
2017-01,Mashable,98.8158
2017-01,Business Insider,98.8158
2017-01,The Verge,98.8158
2017-01,TechCrunch,98.8158
2017-01,TMZ,98.8158
2017-01,Axios,98.8158
2017-01,Vox,98.8158
2017-01,Politico,98.8158
2017-01,Washington Post,98.8158
2017-01,Buzzfeed News,98.8158
2017-01,Gizmodo,98.8158
2017-01,Economist,98.8158
2017-01,Wired,98.8158
2017-01,Fox News,98.8158
2017-01,Vice News,98.8158
2017-01,Hyperallergic,98.8158
2017-01,New Republic,98.8158
2017-01,New Yorker,98.8158
2017-02,Reuters,98.4356
2017-02,The New York Times,98.4356
2017-02,CNBC,98.4356
2017-02,The Hill,98.4356
2017-02,People,98.4356
2017-02,CNN,98.4356
2017-02,Refinery 29,98.4356
2017-02,Vice,98.4356
2017-02,Mashable,98.4356
2017-02,Business Insider,98.4356
2017-02,The Verge,98.4356
2017-02,TechCrunch,98.4356
2017-02,TMZ,98.4356
2017-02,Axios,98.4356
2017-02,Vox,98.4356
2017-02,Politico,98.4356
2017-02,Washington Post,98.4356
2017-02,Buzzfeed News,98.4356
2017-02,Gizmodo,98.4356
2017-02,Economist,98.4356
2017-02,Wired,98.4356
2017-02,Fox News,98.4356
2017-02,Vice News,98.4356
2017-02,Hyperallergic,98.4356
2017-02,New Republic,98.4356
2017-02,New Yorker,98.4356
2017-03,Reuters,99.0492
2017-03,The New York Times,99.0492
2017-03,CNBC,99.0492
2017-03,The Hill,99.0492
2017-03,People,99.0492
2017-03,CNN,99.0492
2017-03,Refinery 29,99.0492
2017-03,Vice,99.0492
2017-03,Mashable,99.0492
2017-03,Business Insider,99.0492
2017-03,The Verge,99.0492
2017-03,TechCrunch,99.0492
2017-03,TMZ,99.0492
2017-03,Axios,99.0492
2017-03,Vox,99.0492
2017-03,Politico,99.0492
2017-03,Washington Post,99.0492
2017-03,Buzzfeed News,99.0492
2017-03,Gizmodo,99.0492
2017-03,Economist,99.0492
2017-03,Wired,99.0492
2017-03,Fox News,99.0492
2017-03,Vice News,99.0492
2017-03,Hyperallergic,99.0492
2017-03,New Republic,99.0492
2017-03,New Yorker,99.0492
2017-04,Reuters,100.0416
2017-04,The New York Times,100.0416
2017-04,CNBC,100.0416
2017-04,The Hill,100.0416
2017-04,People,100.0416
2017-04,CNN,100.0416
2017-04,Refinery 29,100.0416
2017-04,Vice,100.0416
2017-04,Mashable,100.0416
2017-04,Business Insider,100.0416
2017-04,The Verge,100.0416
2017-04,TechCrunch,100.0416
2017-04,TMZ,100.0416
2017-04,Axios,100.0416
2017-04,Vox,100.0416
2017-04,Politico,100.0416
2017-04,Washington Post,100.0416
2017-04,Buzzfeed News,100.0416
2017-04,Gizmodo,100.0416
2017-04,Economist,100.0416
2017-04,Wired,100.0416
2017-04,Fox News,100.0416
2017-04,Vice News,100.0416
2017-04,Hyperallergic,100.0416
2017-04,New Republic,100.0416
2017-04,New Yorker,100.0416
2017-05,Reuters,100.128
2017-05,The New York Times,100.128
2017-05,CNBC,100.128
2017-05,The Hill,100.128
2017-05,People,100.128
2017-05,CNN,100.128
2017-05,Refinery 29,100.128
2017-05,Vice,100.128
2017-05,Mashable,100.128
2017-05,Business Insider,100.128
2017-05,The Verge,100.128
2017-05,TechCrunch,100.128
2017-05,TMZ,100.128
2017-05,Axios,100.128
2017-05,Vox,100.128
2017-05,Politico,100.128
2017-05,Washington Post,100.128
2017-05,Buzzfeed News,100.128
2017-05,Gizmodo,100.128
2017-05,Economist,100.128
2017-05,Wired,100.128
2017-05,Fox News,100.128
2017-05,Vice News,100.128
2017-05,Hyperallergic,100.128
2017-05,New Republic,100.128
2017-05,New Yorker,100.128
2017-06,Reuters,100.337
2017-06,The New York Times,100.337
2017-06,CNBC,100.337
2017-06,The Hill,100.337
2017-06,People,100.337
2017-06,CNN,100.337
2017-06,Refinery 29,100.337
2017-06,Vice,100.337
2017-06,Mashable,100.337
2017-06,Business Insider,100.337
2017-06,The Verge,100.337
2017-06,TechCrunch,100.337
2017-06,TMZ,100.337
2017-06,Axios,100.337
2017-06,Vox,100.337
2017-06,Politico,100.337
2017-06,Washington Post,100.337
2017-06,Buzzfeed News,100.337
2017-06,Gizmodo,100.337
2017-06,Economist,100.337
2017-06,Wired,100.337
2017-06,Fox News,100.337
2017-06,Vice News,100.337
2017-06,Hyperallergic,100.337
2017-06,New Republic,100.337
2017-06,New Yorker,100.337
2017-07,Reuters,100.0865
2017-07,The New York Times,100.0865
2017-07,CNBC,100.0865
2017-07,The Hill,100.0865
2017-07,People,100.0865
2017-07,CNN,100.0865
2017-07,Refinery 29,100.0865
2017-07,Vice,100.0865
2017-07,Mashable,100.0865
2017-07,Business Insider,100.0865
2017-07,The Verge,100.0865
2017-07,TechCrunch,100.0865
2017-07,TMZ,100.0865
2017-07,Axios,100.0865
2017-07,Vox,100.0865
2017-07,Politico,100.0865
2017-07,Washington Post,100.0865
2017-07,Buzzfeed News,100.0865
2017-07,Gizmodo,100.0865
2017-07,Economist,100.0865
2017-07,Wired,100.0865
2017-07,Fox News,100.0865
2017-07,Vice News,100.0865
2017-07,Hyperallergic,100.0865
2017-07,New Republic,100.0865
2017-07,New Yorker,100.0865
2017-08,Reuters,99.6323
2017-08,The New York Times,99.6323
2017-08,CNBC,99.6323
2017-08,The Hill,99.6323
2017-08,People,99.6323
2017-08,CNN,99.6323
2017-08,Refinery 29,99.6323
2017-08,Vice,99.6323
2017-08,Mashable,99.6323
2017-08,Business Insider,99.6323
2017-08,The Verge,99.6323
2017-08,TechCrunch,99.6323
2017-08,TMZ,99.6323
2017-08,Axios,99.6323
2017-08,Vox,99.6323
2017-08,Politico,99.6323
2017-08,Washington Post,99.6323
2017-08,Buzzfeed News,99.6323
2017-08,Gizmodo,99.6323
2017-08,Economist,99.6323
2017-08,Wired,99.6323
2017-08,Fox News,99.6323
2017-08,Vice News,99.6323
2017-08,Hyperallergic,99.6323
2017-08,New Republic,99.6323
2017-08,New Yorker,99.6323
2017-09,Reuters,99.7482
2017-09,The New York Times,99.7482
2017-09,CNBC,99.7482
2017-09,The Hill,99.7482
2017-09,People,99.7482
2017-09,CNN,99.7482
2017-09,Refinery 29,99.7482
2017-09,Vice,99.7482
2017-09,Mashable,99.7482
2017-09,Business Insider,99.7482
2017-09,The Verge,99.7482
2017-09,TechCrunch,99.7482
2017-09,TMZ,99.7482
2017-09,Axios,99.7482
2017-09,Vox,99.7482
2017-09,Politico,99.7482
2017-09,Washington Post,99.7482
2017-09,Buzzfeed News,99.7482
2017-09,Gizmodo,99.7482
2017-09,Economist,99.7482
2017-09,Wired,99.7482
2017-09,Fox News,99.7482
2017-09,Vice News,99.7482
2017-09,Hyperallergic,99.7482
2017-09,New Republic,99.7482
2017-09,New Yorker,99.7482
2017-10,Reuters,100.9893
2017-10,The New York Times,100.9893
2017-10,CNBC,100.9893
2017-10,The Hill,100.9893
2017-10,People,100.9893
2017-10,CNN,100.9893
2017-10,Refinery 29,100.9893
2017-10,Vice,100.9893
2017-10,Mashable,100.9893
2017-10,Business Insider,100.9893
2017-10,The Verge,100.9893
2017-10,TechCrunch,100.9893
2017-10,TMZ,100.9893
2017-10,Axios,100.9893
2017-10,Vox,100.9893
2017-10,Politico,100.9893
2017-10,Washington Post,100.9893
2017-10,Buzzfeed News,100.9893
2017-10,Gizmodo,100.9893
2017-10,Economist,100.9893
2017-10,Wired,100.9893
2017-10,Fox News,100.9893
2017-10,Vice News,100.9893
2017-10,Hyperallergic,100.9893
2017-10,New Republic,100.9893
2017-10,New Yorker,100.9893
2017-11,Reuters,101.2493
2017-11,The New York Times,101.2493
2017-11,CNBC,101.2493
2017-11,The Hill,101.2493
2017-11,People,101.2493
2017-11,CNN,101.2493
2017-11,Refinery 29,101.2493
2017-11,Vice,101.2493
2017-11,Mashable,101.2493
2017-11,Business Insider,101.2493
2017-11,The Verge,101.2493
2017-11,TechCrunch,101.2493
2017-11,TMZ,101.2493
2017-11,Axios,101.2493
2017-11,Vox,101.2493
2017-11,Politico,101.2493
2017-11,Washington Post,101.2493
2017-11,Buzzfeed News,101.2493
2017-11,Gizmodo,101.2493
2017-11,Economist,101.2493
2017-11,Wired,101.2493
2017-11,Fox News,101.2493
2017-11,Vice News,101.2493
2017-11,Hyperallergic,101.2493
2017-11,New Republic,101.2493
2017-11,New Yorker,101.2493
2017-12,Reuters,101.4871
2017-12,The New York Times,101.4871
2017-12,CNBC,101.4871
2017-12,The Hill,101.4871
2017-12,People,101.4871
2017-12,CNN,101.4871
2017-12,Refinery 29,101.4871
2017-12,Vice,101.4871
2017-12,Mashable,101.4871
2017-12,Business Insider,101.4871
2017-12,The Verge,101.4871
2017-12,TechCrunch,101.4871
2017-12,TMZ,101.4871
2017-12,Axios,101.4871
2017-12,Vox,101.4871
2017-12,Politico,101.4871
2017-12,Washington Post,101.4871
2017-12,Buzzfeed News,101.4871
2017-12,Gizmodo,101.4871
2017-12,Economist,101.4871
2017-12,Wired,101.4871
2017-12,Fox News,101.4871
2017-12,Vice News,101.4871
2017-12,Hyperallergic,101.4871
2017-12,New Republic,101.4871
2017-12,New Yorker,101.4871
2018-01,Reuters,101.4852
2018-01,The New York Times,101.4852
2018-01,CNBC,101.4852
2018-01,The Hill,101.4852
2018-01,People,101.4852
2018-01,CNN,101.4852
2018-01,Refinery 29,101.4852
2018-01,Vice,101.4852
2018-01,Mashable,101.4852
2018-01,Business Insider,101.4852
2018-01,The Verge,101.4852
2018-01,TechCrunch,101.4852
2018-01,TMZ,101.4852
2018-01,Axios,101.4852
2018-01,Vox,101.4852
2018-01,Politico,101.4852
2018-01,Washington Post,101.4852
2018-01,Buzzfeed News,101.4852
2018-01,Gizmodo,101.4852
2018-01,Economist,101.4852
2018-01,Wired,101.4852
2018-01,Fox News,101.4852
2018-01,Vice News,101.4852
2018-01,Hyperallergic,101.4852
2018-01,New Republic,101.4852
2018-01,New Yorker,101.4852
2018-02,Reuters,101.7319
2018-02,The New York Times,101.7319
2018-02,CNBC,101.7319
2018-02,The Hill,101.7319
2018-02,People,101.7319
2018-02,CNN,101.7319
2018-02,Refinery 29,101.7319
2018-02,Vice,101.7319
2018-02,Mashable,101.7319
2018-02,Business Insider,101.7319
2018-02,The Verge,101.7319
2018-02,TechCrunch,101.7319
2018-02,TMZ,101.7319
2018-02,Axios,101.7319
2018-02,Vox,101.7319
2018-02,Politico,101.7319
2018-02,Washington Post,101.7319
2018-02,Buzzfeed News,101.7319
2018-02,Gizmodo,101.7319
2018-02,Economist,101.7319
2018-02,Wired,101.7319
2018-02,Fox News,101.7319
2018-02,Vice News,101.7319
2018-02,Hyperallergic,101.7319
2018-02,New Republic,101.7319
2018-02,New Yorker,101.7319
2018-03,Reuters,102.1943
2018-03,The New York Times,102.1943
2018-03,CNBC,102.1943
2018-03,The Hill,102.1943
2018-03,People,102.1943
2018-03,CNN,102.1943
2018-03,Refinery 29,102.1943
2018-03,Vice,102.1943
2018-03,Mashable,102.1943
2018-03,Business Insider,102.1943
2018-03,The Verge,102.1943
2018-03,TechCrunch,102.1943
2018-03,TMZ,102.1943
2018-03,Axios,102.1943
2018-03,Vox,102.1943
2018-03,Politico,102.1943
2018-03,Washington Post,102.1943
2018-03,Buzzfeed News,102.1943
2018-03,Gizmodo,102.1943
2018-03,Economist,102.1943
2018-03,Wired,102.1943
2018-03,Fox News,102.1943
2018-03,Vice News,102.1943
2018-03,Hyperallergic,102.1943
2018-03,New Republic,102.1943
2018-03,New Yorker,102.1943
2018-04,Reuters,103.3551
2018-04,The New York Times,103.3551
2018-04,CNBC,103.3551
2018-04,The Hill,103.3551
2018-04,People,103.3551
2018-04,CNN,103.3551
2018-04,Refinery 29,103.3551
2018-04,Vice,103.3551
2018-04,Mashable,103.3551
2018-04,Business Insider,103.3551
2018-04,The Verge,103.3551
2018-04,TechCrunch,103.3551
2018-04,TMZ,103.3551
2018-04,Axios,103.3551
2018-04,Vox,103.3551
2018-04,Politico,103.3551
2018-04,Washington Post,103.3551
2018-04,Buzzfeed News,103.3551
2018-04,Gizmodo,103.3551
2018-04,Economist,103.3551
2018-04,Wired,103.3551
2018-04,Fox News,103.3551
2018-04,Vice News,103.3551
2018-04,Hyperallergic,103.3551
2018-04,New Republic,103.3551
2018-04,New Yorker,103.3551
2018-05,Reuters,102.381
2018-05,The New York Times,102.381
2018-05,CNBC,102.381
2018-05,The Hill,102.381
2018-05,People,102.381
2018-05,CNN,102.381
2018-05,Refinery 29,102.381
2018-05,Vice,102.381
2018-05,Mashable,102.381
2018-05,Business Insider,102.381
2018-05,The Verge,102.381
2018-05,TechCrunch,102.381
2018-05,TMZ,102.381
2018-05,Axios,102.381
2018-05,Vox,102.381
2018-05,Politico,102.381
2018-05,Washington Post,102.381
2018-05,Buzzfeed News,102.381
2018-05,Gizmodo,102.381
2018-05,Economist,102.381
2018-05,Wired,102.381
2018-05,Fox News,102.381
2018-05,Vice News,102.381
2018-05,Hyperallergic,102.381
2018-05,New Republic,102.381
2018-05,New Yorker,102.381
2018-06,Reuters,103.2256
2018-06,The New York Times,103.2256
2018-06,CNBC,103.2256
2018-06,The Hill,103.2256
2018-06,People,103.2256
2018-06,CNN,103.2256
2018-06,Refinery 29,103.2256
2018-06,Vice,103.2256
2018-06,Mashable,103.2256
2018-06,Business Insider,103.2256
2018-06,The Verge,103.2256
2018-06,TechCrunch,103.2256
2018-06,TMZ,103.2256
2018-06,Axios,103.2256
2018-06,Vox,103.2256
2018-06,Politico,103.2256
2018-06,Washington Post,103.2256
2018-06,Buzzfeed News,103.2256
2018-06,Gizmodo,103.2256
2018-06,Economist,103.2256
2018-06,Wired,103.2256
2018-06,Fox News,103.2256
2018-06,Vice News,103.2256
2018-06,Hyperallergic,103.2256
2018-06,New Republic,103.2256
2018-06,New Yorker,103.2256
2018-07,Reuters,103.3561
2018-07,The New York Times,103.3561
2018-07,CNBC,103.3561
2018-07,The Hill,103.3561
2018-07,People,103.3561
2018-07,CNN,103.3561
2018-07,Refinery 29,103.3561
2018-07,Vice,103.3561
2018-07,Mashable,103.3561
2018-07,Business Insider,103.3561
2018-07,The Verge,103.3561
2018-07,TechCrunch,103.3561
2018-07,TMZ,103.3561
2018-07,Axios,103.3561
2018-07,Vox,103.3561
2018-07,Politico,103.3561
2018-07,Washington Post,103.3561
2018-07,Buzzfeed News,103.3561
2018-07,Gizmodo,103.3561
2018-07,Economist,103.3561
2018-07,Wired,103.3561
2018-07,Fox News,103.3561
2018-07,Vice News,103.3561
2018-07,Hyperallergic,103.3561
2018-07,New Republic,103.3561
2018-07,New Yorker,103.3561
2018-08,Reuters,104.0585
2018-08,The New York Times,104.0585
2018-08,CNBC,104.0585
2018-08,The Hill,104.0585
2018-08,People,104.0585
2018-08,CNN,104.0585
2018-08,Refinery 29,104.0585
2018-08,Vice,104.0585
2018-08,Mashable,104.0585
2018-08,Business Insider,104.0585
2018-08,The Verge,104.0585
2018-08,TechCrunch,104.0585
2018-08,TMZ,104.0585
2018-08,Axios,104.0585
2018-08,Vox,104.0585
2018-08,Politico,104.0585
2018-08,Washington Post,104.0585
2018-08,Buzzfeed News,104.0585
2018-08,Gizmodo,104.0585
2018-08,Economist,104.0585
2018-08,Wired,104.0585
2018-08,Fox News,104.0585
2018-08,Vice News,104.0585
2018-08,Hyperallergic,104.0585
2018-08,New Republic,104.0585
2018-08,New Yorker,104.0585
2018-09,Reuters,104.1038
2018-09,The New York Times,104.1038
2018-09,CNBC,104.1038
2018-09,The Hill,104.1038
2018-09,People,104.1038
2018-09,CNN,104.1038
2018-09,Refinery 29,104.1038
2018-09,Vice,104.1038
2018-09,Mashable,104.1038
2018-09,Business Insider,104.1038
2018-09,The Verge,104.1038
2018-09,TechCrunch,104.1038
2018-09,TMZ,104.1038
2018-09,Axios,104.1038
2018-09,Vox,104.1038
2018-09,Politico,104.1038
2018-09,Washington Post,104.1038
2018-09,Buzzfeed News,104.1038
2018-09,Gizmodo,104.1038
2018-09,Economist,104.1038
2018-09,Wired,104.1038
2018-09,Fox News,104.1038
2018-09,Vice News,104.1038
2018-09,Hyperallergic,104.1038
2018-09,New Republic,104.1038
2018-09,New Yorker,104.1038
2018-10,Reuters,103.9297
2018-10,The New York Times,103.9297
2018-10,CNBC,103.9297
2018-10,The Hill,103.9297
2018-10,People,103.9297
2018-10,CNN,103.9297
2018-10,Refinery 29,103.9297
2018-10,Vice,103.9297
2018-10,Mashable,103.9297
2018-10,Business Insider,103.9297
2018-10,The Verge,103.9297
2018-10,TechCrunch,103.9297
2018-10,TMZ,103.9297
2018-10,Axios,103.9297
2018-10,Vox,103.9297
2018-10,Politico,103.9297
2018-10,Washington Post,103.9297
2018-10,Buzzfeed News,103.9297
2018-10,Gizmodo,103.9297
2018-10,Economist,103.9297
2018-10,Wired,103.9297
2018-10,Fox News,103.9297
2018-10,Vice News,103.9297
2018-10,Hyperallergic,103.9297
2018-10,New Republic,103.9297
2018-10,New Yorker,103.9297
2018-11,Reuters,104.0126
2018-11,The New York Times,104.0126
2018-11,CNBC,104.0126
2018-11,The Hill,104.0126
2018-11,People,104.0126
2018-11,CNN,104.0126
2018-11,Refinery 29,104.0126
2018-11,Vice,104.0126
2018-11,Mashable,104.0126
2018-11,Business Insider,104.0126
2018-11,The Verge,104.0126
2018-11,TechCrunch,104.0126
2018-11,TMZ,104.0126
2018-11,Axios,104.0126
2018-11,Vox,104.0126
2018-11,Politico,104.0126
2018-11,Washington Post,104.0126
2018-11,Buzzfeed News,104.0126
2018-11,Gizmodo,104.0126
2018-11,Economist,104.0126
2018-11,Wired,104.0126
2018-11,Fox News,104.0126
2018-11,Vice News,104.0126
2018-11,Hyperallergic,104.0126
2018-11,New Republic,104.0126
2018-11,New Yorker,104.0126
2018-12,Reuters,104.0451
2018-12,The New York Times,104.0451
2018-12,CNBC,104.0451
2018-12,The Hill,104.0451
2018-12,People,104.0451
2018-12,CNN,104.0451
2018-12,Refinery 29,104.0451
2018-12,Vice,104.0451
2018-12,Mashable,104.0451
2018-12,Business Insider,104.0451
2018-12,The Verge,104.0451
2018-12,TechCrunch,104.0451
2018-12,TMZ,104.0451
2018-12,Axios,104.0451
2018-12,Vox,104.0451
2018-12,Politico,104.0451
2018-12,Washington Post,104.0451
2018-12,Buzzfeed News,104.0451
2018-12,Gizmodo,104.0451
2018-12,Economist,104.0451
2018-12,Wired,104.0451
2018-12,Fox News,104.0451
2018-12,Vice News,104.0451
2018-12,Hyperallergic,104.0451
2018-12,New Republic,104.0451
2018-12,New Yorker,104.0451
2019-01,Reuters,103.3598
2019-01,The New York Times,103.3598
2019-01,CNBC,103.3598
2019-01,The Hill,103.3598
2019-01,People,103.3598
2019-01,CNN,103.3598
2019-01,Refinery 29,103.3598
2019-01,Vice,103.3598
2019-01,Mashable,103.3598
2019-01,Business Insider,103.3598
2019-01,The Verge,103.3598
2019-01,TechCrunch,103.3598
2019-01,TMZ,103.3598
2019-01,Axios,103.3598
2019-01,Vox,103.3598
2019-01,Politico,103.3598
2019-01,Washington Post,103.3598
2019-01,Buzzfeed News,103.3598
2019-01,Gizmodo,103.3598
2019-01,Economist,103.3598
2019-01,Wired,103.3598
2019-01,Fox News,103.3598
2019-01,Vice News,103.3598
2019-01,Hyperallergic,103.3598
2019-01,New Republic,103.3598
2019-01,New Yorker,103.3598
2019-02,Reuters,102.8251
2019-02,The New York Times,102.8251
2019-02,CNBC,102.8251
2019-02,The Hill,102.8251
2019-02,People,102.8251
2019-02,CNN,102.8251
2019-02,Refinery 29,102.8251
2019-02,Vice,102.8251
2019-02,Mashable,102.8251
2019-02,Business Insider,102.8251
2019-02,The Verge,102.8251
2019-02,TechCrunch,102.8251
2019-02,TMZ,102.8251
2019-02,Axios,102.8251
2019-02,Vox,102.8251
2019-02,Politico,102.8251
2019-02,Washington Post,102.8251
2019-02,Buzzfeed News,102.8251
2019-02,Gizmodo,102.8251
2019-02,Economist,102.8251
2019-02,Wired,102.8251
2019-02,Fox News,102.8251
2019-02,Vice News,102.8251
2019-02,Hyperallergic,102.8251
2019-02,New Republic,102.8251
2019-02,New Yorker,102.8251
2019-03,Reuters,102.8361
2019-03,The New York Times,102.8361
2019-03,CNBC,102.8361
2019-03,The Hill,102.8361
2019-03,People,102.8361
2019-03,CNN,102.8361
2019-03,Refinery 29,102.8361
2019-03,Vice,102.8361
2019-03,Mashable,102.8361
2019-03,Business Insider,102.8361
2019-03,The Verge,102.8361
2019-03,TechCrunch,102.8361
2019-03,TMZ,102.8361
2019-03,Axios,102.8361
2019-03,Vox,102.8361
2019-03,Politico,102.8361
2019-03,Washington Post,102.8361
2019-03,Buzzfeed News,102.8361
2019-03,Gizmodo,102.8361
2019-03,Economist,102.8361
2019-03,Wired,102.8361
2019-03,Fox News,102.8361
2019-03,Vice News,102.8361
2019-03,Hyperallergic,102.8361
2019-03,New Republic,102.8361
2019-03,New Yorker,102.8361
2019-04,Reuters,102.2748
2019-04,The New York Times,102.2748
2019-04,CNBC,102.2748
2019-04,The Hill,102.2748
2019-04,People,102.2748
2019-04,CNN,102.2748
2019-04,Refinery 29,102.2748
2019-04,Vice,102.2748
2019-04,Mashable,102.2748
2019-04,Business Insider,102.2748
2019-04,The Verge,102.2748
2019-04,TechCrunch,102.2748
2019-04,TMZ,102.2748
2019-04,Axios,102.2748
2019-04,Vox,102.2748
2019-04,Politico,102.2748
2019-04,Washington Post,102.2748
2019-04,Buzzfeed News,102.2748
2019-04,Gizmodo,102.2748
2019-04,Economist,102.2748
2019-04,Wired,102.2748
2019-04,Fox News,102.2748
2019-04,Vice News,102.2748
2019-04,Hyperallergic,102.2748
2019-04,New Republic,102.2748
2019-04,New Yorker,102.2748
2019-05,Reuters,102.4176
2019-05,The New York Times,102.4176
2019-05,CNBC,102.4176
2019-05,The Hill,102.4176
2019-05,People,102.4176
2019-05,CNN,102.4176
2019-05,Refinery 29,102.4176
2019-05,Vice,102.4176
2019-05,Mashable,102.4176
2019-05,Business Insider,102.4176
2019-05,The Verge,102.4176
2019-05,TechCrunch,102.4176
2019-05,TMZ,102.4176
2019-05,Axios,102.4176
2019-05,Vox,102.4176
2019-05,Politico,102.4176
2019-05,Washington Post,102.4176
2019-05,Buzzfeed News,102.4176
2019-05,Gizmodo,102.4176
2019-05,Economist,102.4176
2019-05,Wired,102.4176
2019-05,Fox News,102.4176
2019-05,Vice News,102.4176
2019-05,Hyperallergic,102.4176
2019-05,New Republic,102.4176
2019-05,New Yorker,102.4176
2019-06,Reuters,102.5425
2019-06,The New York Times,102.5425
2019-06,CNBC,102.5425
2019-06,The Hill,102.5425
2019-06,People,102.5425
2019-06,CNN,102.5425
2019-06,Refinery 29,102.5425
2019-06,Vice,102.5425
2019-06,Mashable,102.5425
2019-06,Business Insider,102.5425
2019-06,The Verge,102.5425
2019-06,TechCrunch,102.5425
2019-06,TMZ,102.5425
2019-06,Axios,102.5425
2019-06,Vox,102.5425
2019-06,Politico,102.5425
2019-06,Washington Post,102.5425
2019-06,Buzzfeed News,102.5425
2019-06,Gizmodo,102.5425
2019-06,Economist,102.5425
2019-06,Wired,102.5425
2019-06,Fox News,102.5425
2019-06,Vice News,102.5425
2019-06,Hyperallergic,102.5425
2019-06,New Republic,102.5425
2019-06,New Yorker,102.5425
2019-07,Reuters,102.0057
2019-07,The New York Times,102.0057
2019-07,CNBC,102.0057
2019-07,The Hill,102.0057
2019-07,People,102.0057
2019-07,CNN,102.0057
2019-07,Refinery 29,102.0057
2019-07,Vice,102.0057
2019-07,Mashable,102.0057
2019-07,Business Insider,102.0057
2019-07,The Verge,102.0057
2019-07,TechCrunch,102.0057
2019-07,TMZ,102.0057
2019-07,Axios,102.0057
2019-07,Vox,102.0057
2019-07,Politico,102.0057
2019-07,Washington Post,102.0057
2019-07,Buzzfeed News,102.0057
2019-07,Gizmodo,102.0057
2019-07,Economist,102.0057
2019-07,Wired,102.0057
2019-07,Fox News,102.0057
2019-07,Vice News,102.0057
2019-07,Hyperallergic,102.0057
2019-07,New Republic,102.0057
2019-07,New Yorker,102.0057
2019-08,Reuters,102.7814
2019-08,The New York Times,102.7814
2019-08,CNBC,102.7814
2019-08,The Hill,102.7814
2019-08,People,102.7814
2019-08,CNN,102.7814
2019-08,Refinery 29,102.7814
2019-08,Vice,102.7814
2019-08,Mashable,102.7814
2019-08,Business Insider,102.7814
2019-08,The Verge,102.7814
2019-08,TechCrunch,102.7814
2019-08,TMZ,102.7814
2019-08,Axios,102.7814
2019-08,Vox,102.7814
2019-08,Politico,102.7814
2019-08,Washington Post,102.7814
2019-08,Buzzfeed News,102.7814
2019-08,Gizmodo,102.7814
2019-08,Economist,102.7814
2019-08,Wired,102.7814
2019-08,Fox News,102.7814
2019-08,Vice News,102.7814
2019-08,Hyperallergic,102.7814
2019-08,New Republic,102.7814
2019-08,New Yorker,102.7814
2019-09,Reuters,102.4601
2019-09,The New York Times,102.4601
2019-09,CNBC,102.4601
2019-09,The Hill,102.4601
2019-09,People,102.4601
2019-09,CNN,102.4601
2019-09,Refinery 29,102.4601
2019-09,Vice,102.4601
2019-09,Mashable,102.4601
2019-09,Business Insider,102.4601
2019-09,The Verge,102.4601
2019-09,TechCrunch,102.4601
2019-09,TMZ,102.4601
2019-09,Axios,102.4601
2019-09,Vox,102.4601
2019-09,Politico,102.4601
2019-09,Washington Post,102.4601
2019-09,Buzzfeed News,102.4601
2019-09,Gizmodo,102.4601
2019-09,Economist,102.4601
2019-09,Wired,102.4601
2019-09,Fox News,102.4601
2019-09,Vice News,102.4601
2019-09,Hyperallergic,102.4601
2019-09,New Republic,102.4601
2019-09,New Yorker,102.4601
2019-10,Reuters,101.5878
2019-10,The New York Times,101.5878
2019-10,CNBC,101.5878
2019-10,The Hill,101.5878
2019-10,People,101.5878
2019-10,CNN,101.5878
2019-10,Refinery 29,101.5878
2019-10,Vice,101.5878
2019-10,Mashable,101.5878
2019-10,Business Insider,101.5878
2019-10,The Verge,101.5878
2019-10,TechCrunch,101.5878
2019-10,TMZ,101.5878
2019-10,Axios,101.5878
2019-10,Vox,101.5878
2019-10,Politico,101.5878
2019-10,Washington Post,101.5878
2019-10,Buzzfeed News,101.5878
2019-10,Gizmodo,101.5878
2019-10,Economist,101.5878
2019-10,Wired,101.5878
2019-10,Fox News,101.5878
2019-10,Vice News,101.5878
2019-10,Hyperallergic,101.5878
2019-10,New Republic,101.5878
2019-10,New Yorker,101.5878
2019-11,Reuters,102.1494
2019-11,The New York Times,102.1494
2019-11,CNBC,102.1494
2019-11,The Hill,102.1494
2019-11,People,102.1494
2019-11,CNN,102.1494
2019-11,Refinery 29,102.1494
2019-11,Vice,102.1494
2019-11,Mashable,102.1494
2019-11,Business Insider,102.1494
2019-11,The Verge,102.1494
2019-11,TechCrunch,102.1494
2019-11,TMZ,102.1494
2019-11,Axios,102.1494
2019-11,Vox,102.1494
2019-11,Politico,102.1494
2019-11,Washington Post,102.1494
2019-11,Buzzfeed News,102.1494
2019-11,Gizmodo,102.1494
2019-11,Economist,102.1494
2019-11,Wired,102.1494
2019-11,Fox News,102.1494
2019-11,Vice News,102.1494
2019-11,Hyperallergic,102.1494
2019-11,New Republic,102.1494
2019-11,New Yorker,102.1494
2019-12,Reuters,101.9421
2019-12,The New York Times,101.9421
2019-12,CNBC,101.9421
2019-12,The Hill,101.9421
2019-12,People,101.9421
2019-12,CNN,101.9421
2019-12,Refinery 29,101.9421
2019-12,Vice,101.9421
2019-12,Mashable,101.9421
2019-12,Business Insider,101.9421
2019-12,The Verge,101.9421
2019-12,TechCrunch,101.9421
2019-12,TMZ,101.9421
2019-12,Axios,101.9421
2019-12,Vox,101.9421
2019-12,Politico,101.9421
2019-12,Washington Post,101.9421
2019-12,Buzzfeed News,101.9421
2019-12,Gizmodo,101.9421
2019-12,Economist,101.9421
2019-12,Wired,101.9421
2019-12,Fox News,101.9421
2019-12,Vice News,101.9421
2019-12,Hyperallergic,101.9421
2019-12,New Republic,101.9421
2019-12,New Yorker,101.9421
2020-01,Reuters,101.3372
2020-01,The New York Times,101.3372
2020-01,CNBC,101.3372
2020-01,The Hill,101.3372
2020-01,People,101.3372
2020-01,CNN,101.3372
2020-01,Refinery 29,101.3372
2020-01,Vice,101.3372
2020-01,Mashable,101.3372
2020-01,Business Insider,101.3372
2020-01,The Verge,101.3372
2020-01,TechCrunch,101.3372
2020-01,TMZ,101.3372
2020-01,Axios,101.3372
2020-01,Vox,101.3372
2020-01,Politico,101.3372
2020-01,Washington Post,101.3372
2020-01,Buzzfeed News,101.3372
2020-01,Gizmodo,101.3372
2020-01,Economist,101.3372
2020-01,Wired,101.3372
2020-01,Fox News,101.3372
2020-01,Vice News,101.3372
2020-01,Hyperallergic,101.3372
2020-01,New Republic,101.3372
2020-01,New Yorker,101.3372
2020-02,Reuters,101.6718
2020-02,The New York Times,101.6718
2020-02,CNBC,101.6718
2020-02,The Hill,101.6718
2020-02,People,101.6718
2020-02,CNN,101.6718
2020-02,Refinery 29,101.6718
2020-02,Vice,101.6718
2020-02,Mashable,101.6718
2020-02,Business Insider,101.6718
2020-02,The Verge,101.6718
2020-02,TechCrunch,101.6718
2020-02,TMZ,101.6718
2020-02,Axios,101.6718
2020-02,Vox,101.6718
2020-02,Politico,101.6718
2020-02,Washington Post,101.6718
2020-02,Buzzfeed News,101.6718
2020-02,Gizmodo,101.6718
2020-02,Economist,101.6718
2020-02,Wired,101.6718
2020-02,Fox News,101.6718
2020-02,Vice News,101.6718
2020-02,Hyperallergic,101.6718
2020-02,New Republic,101.6718
2020-02,New Yorker,101.6718
2020-03,Reuters,97.606
2020-03,The New York Times,97.606
2020-03,CNBC,97.606
2020-03,The Hill,97.606
2020-03,People,97.606
2020-03,CNN,97.606
2020-03,Refinery 29,97.606
2020-03,Vice,97.606
2020-03,Mashable,97.606
2020-03,Business Insider,97.606
2020-03,The Verge,97.606
2020-03,TechCrunch,97.606
2020-03,TMZ,97.606
2020-03,Axios,97.606
2020-03,Vox,97.606
2020-03,Politico,97.606
2020-03,Washington Post,97.606
2020-03,Buzzfeed News,97.606
2020-03,Gizmodo,97.606
2020-03,Economist,97.606
2020-03,Wired,97.606
2020-03,Fox News,97.606
2020-03,Vice News,97.606
2020-03,Hyperallergic,97.606
2020-03,New Republic,97.606
2020-03,New Yorker,97.606
2020-04,Reuters,84.6812
2020-04,The New York Times,84.6812
2020-04,CNBC,84.6812
2020-04,The Hill,84.6812
2020-04,People,84.6812
2020-04,CNN,84.6812
2020-04,Refinery 29,84.6812
2020-04,Vice,84.6812
2020-04,Mashable,84.6812
2020-04,Business Insider,84.6812
2020-04,The Verge,84.6812
2020-04,TechCrunch,84.6812
2020-04,TMZ,84.6812
2020-04,Axios,84.6812
2020-04,Vox,84.6812
2020-04,Politico,84.6812
2020-04,Washington Post,84.6812
2020-04,Buzzfeed News,84.6812
2020-04,Gizmodo,84.6812
2020-04,Economist,84.6812
2020-04,Wired,84.6812
2020-04,Fox News,84.6812
2020-04,Vice News,84.6812
2020-04,Hyperallergic,84.6812
2020-04,New Republic,84.6812
2020-04,New Yorker,84.6812
2020-05,Reuters,86.0108
2020-05,The New York Times,86.0108
2020-05,CNBC,86.0108
2020-05,The Hill,86.0108
2020-05,People,86.0108
2020-05,CNN,86.0108
2020-05,Refinery 29,86.0108
2020-05,Vice,86.0108
2020-05,Mashable,86.0108
2020-05,Business Insider,86.0108
2020-05,The Verge,86.0108
2020-05,TechCrunch,86.0108
2020-05,TMZ,86.0108
2020-05,Axios,86.0108
2020-05,Vox,86.0108
2020-05,Politico,86.0108
2020-05,Washington Post,86.0108
2020-05,Buzzfeed News,86.0108
2020-05,Gizmodo,86.0108
2020-05,Economist,86.0108
2020-05,Wired,86.0108
2020-05,Fox News,86.0108
2020-05,Vice News,86.0108
2020-05,Hyperallergic,86.0108
2020-05,New Republic,86.0108
2020-05,New Yorker,86.0108
2020-06,Reuters,91.6745
2020-06,The New York Times,91.6745
2020-06,CNBC,91.6745
2020-06,The Hill,91.6745
2020-06,People,91.6745
2020-06,CNN,91.6745
2020-06,Refinery 29,91.6745
2020-06,Vice,91.6745
2020-06,Mashable,91.6745
2020-06,Business Insider,91.6745
2020-06,The Verge,91.6745
2020-06,TechCrunch,91.6745
2020-06,TMZ,91.6745
2020-06,Axios,91.6745
2020-06,Vox,91.6745
2020-06,Politico,91.6745
2020-06,Washington Post,91.6745
2020-06,Buzzfeed News,91.6745
2020-06,Gizmodo,91.6745
2020-06,Economist,91.6745
2020-06,Wired,91.6745
2020-06,Fox News,91.6745
2020-06,Vice News,91.6745
2020-06,Hyperallergic,91.6745
2020-06,New Republic,91.6745
2020-06,New Yorker,91.6745
2020-07,Reuters,95.0037
2020-07,The New York Times,95.0037
2020-07,CNBC,95.0037
2020-07,The Hill,95.0037
2020-07,People,95.0037
2020-07,CNN,95.0037
2020-07,Refinery 29,95.0037
2020-07,Vice,95.0037
2020-07,Mashable,95.0037
2020-07,Business Insider,95.0037
2020-07,The Verge,95.0037
2020-07,TechCrunch,95.0037
2020-07,TMZ,95.0037
2020-07,Axios,95.0037
2020-07,Vox,95.0037
2020-07,Politico,95.0037
2020-07,Washington Post,95.0037
2020-07,Buzzfeed News,95.0037
2020-07,Gizmodo,95.0037
2020-07,Economist,95.0037
2020-07,Wired,95.0037
2020-07,Fox News,95.0037
2020-07,Vice News,95.0037
2020-07,Hyperallergic,95.0037
2020-07,New Republic,95.0037
2020-07,New Yorker,95.0037
2020-08,Reuters,95.9294
2020-08,The New York Times,95.9294
2020-08,CNBC,95.9294
2020-08,The Hill,95.9294
2020-08,People,95.9294
2020-08,CNN,95.9294
2020-08,Refinery 29,95.9294
2020-08,Vice,95.9294
2020-08,Mashable,95.9294
2020-08,Business Insider,95.9294
2020-08,The Verge,95.9294
2020-08,TechCrunch,95.9294
2020-08,TMZ,95.9294
2020-08,Axios,95.9294
2020-08,Vox,95.9294
2020-08,Politico,95.9294
2020-08,Washington Post,95.9294
2020-08,Buzzfeed News,95.9294
2020-08,Gizmodo,95.9294
2020-08,Economist,95.9294
2020-08,Wired,95.9294
2020-08,Fox News,95.9294
2020-08,Vice News,95.9294
2020-08,Hyperallergic,95.9294
2020-08,New Republic,95.9294
2020-08,New Yorker,95.9294
2020-09,Reuters,95.8914
2020-09,The New York Times,95.8914
2020-09,CNBC,95.8914
2020-09,The Hill,95.8914
2020-09,People,95.8914
2020-09,CNN,95.8914
2020-09,Refinery 29,95.8914
2020-09,Vice,95.8914
2020-09,Mashable,95.8914
2020-09,Business Insider,95.8914
2020-09,The Verge,95.8914
2020-09,TechCrunch,95.8914
2020-09,TMZ,95.8914
2020-09,Axios,95.8914
2020-09,Vox,95.8914
2020-09,Politico,95.8914
2020-09,Washington Post,95.8914
2020-09,Buzzfeed News,95.8914
2020-09,Gizmodo,95.8914
2020-09,Economist,95.8914
2020-09,Wired,95.8914
2020-09,Fox News,95.8914
2020-09,Vice News,95.8914
2020-09,Hyperallergic,95.8914
2020-09,New Republic,95.8914
2020-09,New Yorker,95.8914
2020-10,Reuters,96.5256
2020-10,The New York Times,96.5256
2020-10,CNBC,96.5256
2020-10,The Hill,96.5256
2020-10,People,96.5256
2020-10,CNN,96.5256
2020-10,Refinery 29,96.5256
2020-10,Vice,96.5256
2020-10,Mashable,96.5256
2020-10,Business Insider,96.5256
2020-10,The Verge,96.5256
2020-10,TechCrunch,96.5256
2020-10,TMZ,96.5256
2020-10,Axios,96.5256
2020-10,Vox,96.5256
2020-10,Politico,96.5256
2020-10,Washington Post,96.5256
2020-10,Buzzfeed News,96.5256
2020-10,Gizmodo,96.5256
2020-10,Economist,96.5256
2020-10,Wired,96.5256
2020-10,Fox News,96.5256
2020-10,Vice News,96.5256
2020-10,Hyperallergic,96.5256
2020-10,New Republic,96.5256
2020-10,New Yorker,96.5256
2020-11,Reuters,96.9529
2020-11,The New York Times,96.9529
2020-11,CNBC,96.9529
2020-11,The Hill,96.9529
2020-11,People,96.9529
2020-11,CNN,96.9529
2020-11,Refinery 29,96.9529
2020-11,Vice,96.9529
2020-11,Mashable,96.9529
2020-11,Business Insider,96.9529
2020-11,The Verge,96.9529
2020-11,TechCrunch,96.9529
2020-11,TMZ,96.9529
2020-11,Axios,96.9529
2020-11,Vox,96.9529
2020-11,Politico,96.9529
2020-11,Washington Post,96.9529
2020-11,Buzzfeed News,96.9529
2020-11,Gizmodo,96.9529
2020-11,Economist,96.9529
2020-11,Wired,96.9529
2020-11,Fox News,96.9529
2020-11,Vice News,96.9529
2020-11,Hyperallergic,96.9529
2020-11,New Republic,96.9529
2020-11,New Yorker,96.9529
2020-12,Reuters,98.2039
2020-12,The New York Times,98.2039
2020-12,CNBC,98.2039
2020-12,The Hill,98.2039
2020-12,People,98.2039
2020-12,CNN,98.2039
2020-12,Refinery 29,98.2039
2020-12,Vice,98.2039
2020-12,Mashable,98.2039
2020-12,Business Insider,98.2039
2020-12,The Verge,98.2039
2020-12,TechCrunch,98.2039
2020-12,TMZ,98.2039
2020-12,Axios,98.2039
2020-12,Vox,98.2039
2020-12,Politico,98.2039
2020-12,Washington Post,98.2039
2020-12,Buzzfeed News,98.2039
2020-12,Gizmodo,98.2039
2020-12,Economist,98.2039
2020-12,Wired,98.2039
2020-12,Fox News,98.2039
2020-12,Vice News,98.2039
2020-12,Hyperallergic,98.2039
2020-12,New Republic,98.2039
2020-12,New Yorker,98.2039
