date,publication,sentiment
2016-01-31,Reuters,-0.4996628455829402
2016-02-29,Reuters,-0.4680086268867951
2016-03-31,Reuters,-0.494701617400728
2016-04-30,Reuters,-0.4595588235291302
2016-05-31,Reuters,-0.4870509607347644
2016-06-30,Reuters,-0.47868623340288
2016-07-31,Reuters,-0.43575418994372833
2016-08-31,Reuters,-0.4285714285711384
2016-09-30,Reuters,-0.47299509001597956
2016-10-31,Reuters,-0.5565610859724909
2016-11-30,Reuters,-0.4619883040932671
2016-12-31,Reuters,-0.46337448559632644
2017-01-31,Reuters,-0.384236453201655
2017-02-28,Reuters,-0.3539603960391659
2017-03-31,Reuters,-0.47572815533938595
2017-04-30,Reuters,-0.46395563770751946
2017-05-31,Reuters,-0.44528875379905375
2017-06-30,Reuters,-0.48993288590574136
2017-07-31,Reuters,-0.401807723910927
2017-08-31,Reuters,-0.6032831737341975
2017-09-30,Reuters,-0.529245947850226
2017-10-31,Reuters,-0.4785766158311702
2017-11-30,Reuters,-0.43571924947850194
2017-12-31,Reuters,-0.46614785992181623
2018-01-31,Reuters,-0.5366847826083311
2018-02-28,Reuters,-0.5567375886519887
2018-03-31,Reuters,-0.5920903954798915
2018-04-30,Reuters,-0.5227272727269601
2018-05-31,Reuters,-0.4982130092919956
2018-06-30,Reuters,-0.46312292358773216
2018-07-31,Reuters,-0.5055350553502426
2018-08-31,Reuters,-0.5644515612485472
2018-09-30,Reuters,-0.4803625377638667
2018-10-31,Reuters,-0.5364238410591586
2018-11-30,Reuters,-0.5139338950093882
2018-12-31,Reuters,-0.5038759689917598
2019-01-31,Reuters,-0.5808147174766224
2019-02-28,Reuters,-0.5289855072458977
2019-03-31,Reuters,-0.5896834701051643
2019-04-30,Reuters,-0.5232653061220218
2019-05-31,Reuters,-0.5970149253726393
2019-06-30,Reuters,-0.5456221198154168
2019-07-31,Reuters,-0.5583514099780658
2019-08-31,Reuters,-0.5816203143891246
2019-09-30,Reuters,-0.5819960861054474
2019-10-31,Reuters,-0.5372604684171266
2019-11-30,Reuters,-0.5927465054776756
2019-12-31,Reuters,-0.5527950310556144
2020-01-31,Reuters,-0.45244003308500724
2020-02-29,Reuters,-0.4796132828917698
2020-03-31,Reuters,-0.6202712348320413
2016-01-31,The New York Times,-0.41298129812972206
2016-02-29,The New York Times,-0.4571763785685457
2016-03-31,The New York Times,-0.4305778491170885
2016-04-30,The New York Times,-0.4062360801780832
2016-05-31,The New York Times,-0.4668394901705623
2016-06-30,The New York Times,-0.40061596778005193
2016-07-31,The New York Times,-0.44290492116568486
2016-08-31,The New York Times,-0.39908256880722504
2016-09-30,The New York Times,-0.45733634311502086
2016-10-31,The New York Times,-0.4656319290464599
2016-11-30,The New York Times,-0.4484877126653004
2016-12-31,The New York Times,-0.44309701492526976
2017-01-31,The New York Times,-0.4410022779042275
2017-02-28,The New York Times,-0.45610425240039226
2017-03-31,The New York Times,-0.4601573532377526
2017-04-30,The New York Times,-0.45105386416851256
2017-05-31,The New York Times,-0.4919566030676221
2017-06-30,The New York Times,-0.5170519569694398
2017-07-31,The New York Times,-0.5210064087347446
2017-08-31,The New York Times,-0.48181818181806013
2017-09-30,The New York Times,-0.4718901042990405
2017-10-31,The New York Times,-0.500325027085482
2017-11-30,The New York Times,-0.4857270294378934
2017-12-31,The New York Times,-0.4656381486674928
2018-01-31,The New York Times,-0.4589289524214937
2018-02-28,The New York Times,-0.5120900167583164
2018-03-31,The New York Times,-0.4833407374499148
2018-04-30,The New York Times,-0.4292358803985285
2018-05-31,The New York Times,-0.42268041237104853
2018-06-30,The New York Times,-0.4736602052450459
2018-07-31,The New York Times,-0.442012578616241
2018-08-31,The New York Times,-0.486005089058429
2018-09-30,The New York Times,-0.4187766076629131
2018-10-31,The New York Times,-0.5003654970759319
2018-11-30,The New York Times,-0.4509322865553359
2018-12-31,The New York Times,-0.5156081808394737
2019-01-31,The New York Times,-0.45910346292745713
2019-02-28,The New York Times,-0.532429816069571
2019-03-31,The New York Times,-0.509382463323011
2019-04-30,The New York Times,-0.5390977443608008
2019-05-31,The New York Times,-0.4778739184176816
2019-06-30,The New York Times,-0.47861356932144566
2019-07-31,The New York Times,-0.44975053456867425
2019-08-31,The New York Times,-0.5068359374998762
2019-09-30,The New York Times,-0.47966821768147283
2019-10-31,The New York Times,-0.5312499999999144
2019-11-30,The New York Times,-0.5402058259200173
2019-12-31,The New York Times,-0.4920375663535132
2020-01-31,The New York Times,-0.5370962016328474
2020-02-29,The New York Times,-0.5093111553063624
2020-03-31,The New York Times,-0.4935897435896748
2020-04-30,The New York Times,-0.49999999995833333
2016-01-31,CNBC,-0.35975975975954366
2016-02-29,CNBC,-0.3875530410181135
2016-03-31,CNBC,-0.22933333333318046
2016-04-30,CNBC,-0.24782899131579972
2016-05-31,CNBC,-0.35225806451590175
2016-06-30,CNBC,-0.3608978145302062
2016-07-31,CNBC,-0.3238938053095434
2016-08-31,CNBC,-0.23875432525935034
2016-09-30,CNBC,-0.3115763546796111
2016-10-31,CNBC,-0.24562281140557998
2016-11-30,CNBC,-0.27346938775494256
2016-12-31,CNBC,-0.26908635794726593
2017-01-31,CNBC,-0.35445757250249493
2017-02-28,CNBC,-0.2627698788834846
2017-03-31,CNBC,-0.36735632183891154
2017-04-30,CNBC,-0.2945932289033378
2017-05-31,CNBC,-0.2510322047893266
2017-06-30,CNBC,-0.2048470859779545
2017-07-31,CNBC,-0.2695139911633434
2017-08-31,CNBC,-0.32248803827735767
2017-09-30,CNBC,-0.32185321853205334
2017-10-31,CNBC,-0.37005775211000885
2017-11-30,CNBC,-0.31472359058548727
2017-12-31,CNBC,-0.24180790960438317
2018-01-31,CNBC,-0.1768346595932021
2018-02-28,CNBC,-0.29841082989976553
2018-03-31,CNBC,-0.3575081357506474
2018-04-30,CNBC,-0.37494346449553373
2018-05-31,CNBC,-0.26495726495717437
2018-06-30,CNBC,-0.3448115402511192
2018-07-31,CNBC,-0.29186602870800704
2018-08-31,CNBC,-0.30572597136998686
2018-09-30,CNBC,-0.38675958188136467
2018-10-31,CNBC,-0.3005780346819361
2018-11-30,CNBC,-0.343999999999828
2018-12-31,CNBC,-0.46761947297879963
2019-01-31,CNBC,-0.3979871912166523
2019-02-28,CNBC,-0.39124487004090586
2019-03-31,CNBC,-0.47993019197195713
2019-04-30,CNBC,-0.38672237697298356
2019-05-31,CNBC,-0.469361147327147
2019-06-30,CNBC,-0.42492314968067507
2019-07-31,CNBC,-0.4248908296942303
2019-08-31,CNBC,-0.5141639508647495
2019-09-30,CNBC,-0.4540816326529454
2019-10-31,CNBC,-0.5079816313141245
2019-11-30,CNBC,-0.4278680452977775
2019-12-31,CNBC,-0.37702981989950485
2020-01-31,CNBC,-0.37328954570323664
2020-02-29,CNBC,-0.43388834475993293
2020-03-31,CNBC,-0.5728423475257599
2016-01-31,The Hill,-0.45388933440238416
2016-02-29,The Hill,-0.4340712223289538
2016-03-31,The Hill,-0.5004321521173292
2016-04-30,The Hill,-0.4184339314843318
2016-05-31,The Hill,-0.3370259906261879
2016-06-30,The Hill,-0.4625585023399132
2016-07-31,The Hill,-0.449859041481897
2016-08-31,The Hill,-0.4482448244822465
2016-09-30,The Hill,-0.5043205027492128
2016-10-31,The Hill,-0.4818241903501382
2016-11-30,The Hill,-0.37582903463508627
2016-12-31,The Hill,-0.4354940213969681
2017-01-31,The Hill,-0.5120026307134127
2017-02-28,The Hill,-0.5539315989475142
2017-03-31,The Hill,-0.471454404546507
2017-04-30,The Hill,-0.5322490185079831
2017-05-31,The Hill,-0.5305067218199249
2017-06-30,The Hill,-0.5892593685451197
2017-07-31,The Hill,-0.5232252410164993
2017-08-31,The Hill,-0.5954106280191439
2017-09-30,The Hill,-0.5259259259258002
2017-10-31,The Hill,-0.5470605270777449
2017-11-30,The Hill,-0.5721464465181688
2017-12-31,The Hill,-0.5785256410254865
2018-01-31,The Hill,-0.5584788328149823
2018-02-28,The Hill,-0.5824277456646052
2018-03-31,The Hill,-0.5498188405795856
2018-04-30,The Hill,-0.5493734335838222
2018-05-31,The Hill,-0.6144953312582003
2018-06-30,The Hill,-0.6322740404455979
2018-07-31,The Hill,-0.6262068965515801
2018-08-31,The Hill,-0.6593795544450011
2018-09-30,The Hill,-0.6760752688170528
2018-10-31,The Hill,-0.6787595084842952
2018-11-30,The Hill,-0.6262820512818505
2018-12-31,The Hill,-0.671972711767859
2019-01-31,The Hill,-0.6901683337397682
2019-02-28,The Hill,-0.6403107861058865
2019-03-31,The Hill,-0.6802102284211279
2019-04-30,The Hill,-0.6674400618714873
2019-05-31,The Hill,-0.676616915422756
2019-06-30,The Hill,-0.624303797468249
2019-07-31,The Hill,-0.6506370735715884
2019-08-31,The Hill,-0.612838008592213
2019-09-30,The Hill,-0.6761521027447303
2019-10-31,The Hill,-0.6821241585638216
2019-11-30,The Hill,-0.573238497443749
2019-12-31,The Hill,-0.6341039025601208
2020-01-31,The Hill,-0.5913120567374576
2020-02-29,The Hill,-0.5575053355464649
2020-03-31,The Hill,-0.6268333734069182
2016-01-31,People,-0.28629265471354176
2016-02-29,People,-0.14888337468973395
2016-03-31,People,-0.2916666666664979
2016-04-30,People,-0.17295873573294737
2016-05-31,People,-0.23313782991185253
2016-06-30,People,-0.3273871983209195
2016-07-31,People,-0.20939597315422187
2016-08-31,People,-0.3095975232196545
2016-09-30,People,-0.34997098084715617
2016-10-31,People,-0.19925857275245631
2016-11-30,People,-0.17006802721079536
2016-12-31,People,-0.18193069306919435
2017-01-31,People,-0.22300596852945034
2017-02-28,People,-0.08025603151153114
2017-03-31,People,-0.26288879420525657
2017-04-30,People,-0.12784398699884733
2017-05-31,People,-0.20904901550054084
2017-06-30,People,-0.2738853503183467
2017-07-31,People,-0.20880245649938137
2017-08-31,People,-0.1803278688523605
2017-09-30,People,-0.19329214474837011
2017-10-31,People,-0.3487999999998605
2017-11-30,People,-0.31391585760505103
2017-12-31,People,-0.1529289787453847
2018-01-31,People,-0.3156556483834669
2018-02-28,People,-0.20961281708935933
2018-03-31,People,-0.24036697247695396
2018-04-30,People,-0.22018691588776815
2018-05-31,People,-0.1790633608814605
2018-06-30,People,-0.4116523400189056
2018-07-31,People,-0.3352240499147276
2018-08-31,People,-0.2951991828394815
2018-09-30,People,-0.24454976303305945
2018-10-31,People,-0.24861321230446365
2018-11-30,People,-0.2843956043954794
2018-12-31,People,-0.2095639943740227
2019-01-31,People,-0.2803564797622427
2019-02-28,People,-0.24093357271086502
2019-03-31,People,-0.23391812865487305
2019-04-30,People,-0.2540216984660479
2019-05-31,People,-0.13360693114448993
2019-06-30,People,-0.21851667496255922
2019-07-31,People,-0.11071640023676098
2019-08-31,People,-0.19797744068448153
2019-09-30,People,-0.22380239520949707
2019-10-31,People,-0.21535022354686462
2019-11-30,People,-0.20833333333325144
2019-12-31,People,-0.2514619883038835
2016-01-31,CNN,-0.45363408521289045
2016-02-29,CNN,-0.4342840341074877
2016-03-31,CNN,-0.47228381374705386
2016-04-30,CNN,-0.5382215288609445
2016-05-31,CNN,-0.5320754716979307
2016-06-30,CNN,-0.5177684371415675
2016-07-31,CNN,-0.514568599716969
2016-08-31,CNN,-0.53610045343546
2016-09-30,CNN,-0.5769230769228857
2016-10-31,CNN,-0.5435911451214693
2016-11-30,CNN,-0.5340909090907194
2016-12-31,CNN,-0.5566399442312455
2017-01-31,CNN,-0.5137328339573927
2017-02-28,CNN,-0.549896049895907
2017-03-31,CNN,-0.5849999999998172
2017-04-30,CNN,-0.5636923076921343
2017-05-31,CNN,-0.6272574042859071
2017-06-30,CNN,-0.653320772491603
2017-07-31,CNN,-0.5596799999998209
2017-08-31,CNN,-0.5932293044166641
2017-09-30,CNN,-0.5530586766540097
2017-10-31,CNN,-0.5594231725508306
2017-11-30,CNN,-0.6217781639152558
2017-12-31,CNN,-0.5598845598843579
2018-01-31,CNN,-0.5867950481428922
2018-02-28,CNN,-0.641498881431588
2018-03-31,CNN,-0.5977850490811483
2018-04-30,CNN,-0.6180359852589165
2018-05-31,CNN,-0.565287049399048
2018-06-30,CNN,-0.5666116481960465
2018-07-31,CNN,-0.6004944375771074
2018-08-31,CNN,-0.6807291666664894
2018-09-30,CNN,-0.6072562358275266
2018-10-31,CNN,-0.5687112630902823
2018-11-30,CNN,-0.5400933389901272
2018-12-31,CNN,-0.5519713261647332
2019-01-31,CNN,-0.6186353329209197
2019-02-28,CNN,-0.5656382335147074
2019-03-31,CNN,-0.5972841077868454
2019-04-30,CNN,-0.5688527838318667
2019-05-31,CNN,-0.6081370449677715
2019-06-30,CNN,-0.5853007595974984
2019-07-31,CNN,-0.5922679253763559
2019-08-31,CNN,-0.6262990455990187
2019-09-30,CNN,-0.5433325629765325
2019-10-31,CNN,-0.5819268635723308
2019-11-30,CNN,-0.5995814440179283
2019-12-31,CNN,-0.5674331883156064
2020-01-31,CNN,-0.6049295774646822
2020-02-29,CNN,-0.48295454545445393
2020-03-31,CNN,-0.48498003125534206
2016-01-31,Refinery 29,-0.1994198694704863
2016-02-29,Refinery 29,-0.17189835575472953
2016-03-31,Refinery 29,-0.08301158301150288
2016-04-30,Refinery 29,-0.24493243243222557
2016-05-31,Refinery 29,-0.1426611796981189
2016-06-30,Refinery 29,-0.22024983563430622
2016-07-31,Refinery 29,-0.2017106200996424
2016-08-31,Refinery 29,-0.12772585669773973
2016-09-30,Refinery 29,-0.19461077844296812
2016-10-31,Refinery 29,-0.20529039677964042
2016-11-30,Refinery 29,-0.16115981119341796
2016-12-31,Refinery 29,-0.09665427509284698
2017-01-31,Refinery 29,-0.0631424375917459
2017-02-28,Refinery 29,-0.11483739837392538
2017-03-31,Refinery 29,-0.15962650066689213
2017-04-30,Refinery 29,-0.2180094786728997
2017-05-31,Refinery 29,-0.18834080717481752
2017-06-30,Refinery 29,-0.07011952191232267
2017-07-31,Refinery 29,-0.14394516374708913
2017-08-31,Refinery 29,-0.11006018916590281
2017-09-30,Refinery 29,-0.18297101449267075
2017-10-31,Refinery 29,-0.2975471027371854
2017-11-30,Refinery 29,-0.23890923890914167
2017-12-31,Refinery 29,-0.2031036056594235
2018-01-31,Refinery 29,-0.16159250585470633
2018-02-28,Refinery 29,-0.017176997759509205
2018-03-31,Refinery 29,-0.1643139469225498
2018-04-30,Refinery 29,-0.11073825503349512
2018-05-31,Refinery 29,-0.2897822445559521
2018-06-30,Refinery 29,-0.1406551059729347
2018-07-31,Refinery 29,-0.16432584269651382
2018-08-31,Refinery 29,-0.14478873239428464
2018-09-30,Refinery 29,-0.21834625322983311
2018-10-31,Refinery 29,-0.2824658918644353
2018-11-30,Refinery 29,-0.10717299578050028
2018-12-31,Refinery 29,-0.08948194662473354
2019-01-31,Refinery 29,-0.21914734480163114
2019-02-28,Refinery 29,-0.25468164793991593
2019-03-31,Refinery 29,-0.29171974522274413
2019-04-30,Refinery 29,-0.13030069390892035
2019-05-31,Refinery 29,-0.2508591065290865
2019-06-30,Refinery 29,-0.1890504704874345
2019-07-31,Refinery 29,-0.35211267605468494
2019-08-31,Refinery 29,0.07692307691715976
2019-09-30,Refinery 29,-0.07769929364270667
2019-10-31,Refinery 29,-0.026720647773257715
2019-11-30,Refinery 29,-0.14534883720909106
2019-12-31,Refinery 29,-0.1376146788989423
2020-01-31,Refinery 29,-0.13878326996184526
2020-02-29,Refinery 29,-0.17920868890598976
2020-03-31,Refinery 29,-0.0821484992100457
2020-04-30,Refinery 29,0.0
2016-01-31,Vice,-0.2908265213441797
2016-02-29,Vice,-0.3858615611192457
2016-03-31,Vice,-0.24795458340286392
2016-04-30,Vice,-0.24413879337289088
2016-05-31,Vice,-0.30416810196343363
2016-06-30,Vice,-0.22666146949907878
2016-07-31,Vice,-0.28573856875738807
2016-08-31,Vice,-0.22216206460923618
2016-09-30,Vice,-0.2468222348699968
2016-10-31,Vice,-0.33321220930226503
2016-11-30,Vice,-0.22605997931742997
2016-12-31,Vice,-0.2555701179553912
2017-01-31,Vice,-0.3086460032625924
2017-02-28,Vice,-0.2818052594171496
2017-03-31,Vice,-0.27463718037314794
2017-04-30,Vice,-0.27885641135048456
2017-05-31,Vice,-0.2745205479451553
2017-06-30,Vice,-0.24449928027961246
2017-07-31,Vice,-0.27259853670043127
2017-08-31,Vice,-0.38412262640119327
2017-09-30,Vice,-0.2585949177876656
2017-10-31,Vice,-0.30205587770155456
2017-11-30,Vice,-0.3221041720652184
2017-12-31,Vice,-0.31954022988496567
2018-01-31,Vice,-0.24902840059783288
2018-02-28,Vice,-0.33897349125765963
2018-03-31,Vice,-0.26551181102353844
2018-04-30,Vice,-0.3029850746267526
2018-05-31,Vice,-0.272503840245692
2018-06-30,Vice,-0.3584534731322548
2018-07-31,Vice,-0.3310961968678855
2018-08-31,Vice,-0.17745302713980066
2018-09-30,Vice,-0.29588929588917545
2018-10-31,Vice,-0.2975090959976777
2018-11-30,Vice,-0.3418043202031951
2018-12-31,Vice,-0.2523008568707546
2019-01-31,Vice,-0.3383966244724311
2019-02-28,Vice,-0.2762030323004112
2019-03-31,Vice,-0.29663906478309954
2019-04-30,Vice,-0.29323308270652193
2019-05-31,Vice,-0.21823056300256397
2019-06-30,Vice,-0.32212885154039067
2019-07-31,Vice,-0.382743362831435
2019-08-31,Vice,-0.3999999999997959
2019-09-30,Vice,-0.5421920465564781
2019-10-31,Vice,-0.5275835275833226
2019-11-30,Vice,-0.4715025906733037
2019-12-31,Vice,-0.40477815699631076
2020-01-31,Vice,-0.45192307692276656
2020-02-29,Vice,-0.42501414827367007
2020-03-31,Vice,-0.39664804469257914
2016-01-31,Mashable,-0.20240622788386325
2016-02-29,Mashable,-0.14874551971321723
2016-03-31,Mashable,-0.2723449001050809
2016-04-30,Mashable,-0.16417910447755069
2016-05-31,Mashable,-0.14729411764698952
2016-06-30,Mashable,-0.1271703425621177
2016-07-31,Mashable,-0.2421652421651436
2016-08-31,Mashable,-0.2608695652172998
2016-09-30,Mashable,-0.2395959595958628
2016-10-31,Mashable,-0.2838050314464293
2016-11-30,Mashable,-0.2655527906149074
2016-12-31,Mashable,-0.19676806083640838
2017-01-31,Mashable,-0.25309876049570046
2017-02-28,Mashable,-0.10681318681313987
2017-03-31,Mashable,-0.24066543438068738
2017-04-30,Mashable,-0.21347201584932468
2017-05-31,Mashable,-0.20265521280741794
2017-06-30,Mashable,-0.1548507462685845
2017-07-31,Mashable,-0.1847780126849113
2017-08-31,Mashable,-0.20584926884131766
2017-09-30,Mashable,-0.2006079027354607
2017-10-31,Mashable,-0.2638512204570849
2017-11-30,Mashable,-0.19698981850367553
2017-12-31,Mashable,-0.20307495195374564
2018-01-31,Mashable,-0.2111553784859356
2018-02-28,Mashable,-0.11702127659568244
2018-03-31,Mashable,-0.1363907087551302
2018-04-30,Mashable,-0.11639344262285542
2018-05-31,Mashable,-0.1711491442541741
2018-06-30,Mashable,-0.14472822527822873
2018-07-31,Mashable,-0.14615384615375246
2018-08-31,Mashable,-0.0006146281499688908
2018-09-30,Mashable,-0.18607764390884465
2018-10-31,Mashable,-0.09035409035403519
2018-11-30,Mashable,0.025608194622262735
2018-12-31,Mashable,-0.046961325966818394
2019-01-31,Mashable,-0.047619047619013775
2019-02-28,Mashable,0.0009149130832562535
2019-03-31,Mashable,-0.08312757201639248
2019-04-30,Mashable,-0.0551075268816834
2019-05-31,Mashable,-0.00868192580899078
2019-06-30,Mashable,0.11002921129492695
2019-07-31,Mashable,0.011472275334597062
2019-08-31,Mashable,-0.11133004926097406
2019-09-30,Mashable,-0.06680161943313077
2019-10-31,Mashable,-0.11046511627900554
2019-11-30,Mashable,0.0786369593708528
2019-12-31,Mashable,-0.07173725151247042
2020-01-31,Mashable,0.008403361344529969
2020-02-29,Mashable,-0.02097902097900264
2020-03-31,Mashable,-0.11751662971166481
2016-01-31,Business Insider,-0.3323657474596047
2016-02-29,Business Insider,-0.34526854219904696
2016-03-31,Business Insider,-0.37947494033367607
2016-04-30,Business Insider,-0.22058823529379326
2016-05-31,Business Insider,-0.2713472485763352
2016-06-30,Business Insider,-0.3202846975083269
2016-07-31,Business Insider,-0.2564841498555382
2016-08-31,Business Insider,-0.26134585289473966
2016-09-30,Business Insider,-0.3651226158033173
2016-10-31,Business Insider,-0.2698907956314042
2016-11-30,Business Insider,-0.3379073756426451
2016-12-31,Business Insider,-0.1672597864762731
2017-01-31,Business Insider,-0.33783783783707694
2017-02-28,Business Insider,-0.2722646310425642
2017-03-31,Business Insider,-0.362745098038623
2017-04-30,Business Insider,-0.33014354066906665
2017-05-31,Business Insider,-0.28783382789274803
2017-06-30,Business Insider,-0.3291024478691486
2017-07-31,Business Insider,-0.12562814070320194
2017-08-31,Business Insider,-0.38950715421241733
2017-09-30,Business Insider,-0.20361990950180178
2017-10-31,Business Insider,0.014634146341427722
2017-11-30,Business Insider,-0.474626865670225
2017-12-31,Business Insider,-0.0652920962197069
2018-01-31,Business Insider,-0.0979020979017556
2018-02-28,Business Insider,-0.17030567685515152
2018-03-31,Business Insider,-0.0161812297734366
2018-04-30,Business Insider,-0.3160621761649843
2018-05-31,Business Insider,-0.3493975903603934
2018-06-30,Business Insider,-0.30569948186449303
2018-07-31,Business Insider,-0.30218068535778475
2018-08-31,Business Insider,-0.08131241084153878
2018-09-30,Business Insider,-0.32705882352864224
2018-10-31,Business Insider,-0.44887348353475065
2018-11-30,Business Insider,-0.36991150442412407
2018-12-31,Business Insider,-0.3630769230763645
2019-01-31,Business Insider,-0.032581453634003554
2019-02-28,Business Insider,-0.33481152993273877
2019-03-31,Business Insider,-0.35152487961420303
2019-04-30,Business Insider,-0.056726094003149555
2019-05-31,Business Insider,-0.04065040650398242
2019-06-30,Business Insider,-0.11920529801304768
2019-07-31,Business Insider,-0.24823720846137692
2019-08-31,Business Insider,-0.2692141490215279
2019-09-30,Business Insider,-0.24316390323456138
2019-10-31,Business Insider,-0.1575148656961182
2019-11-30,Business Insider,-0.1240068389821923
2019-12-31,Business Insider,-0.15938578740625167
2020-01-31,Business Insider,-0.19171794120518645
2020-02-29,Business Insider,-0.1417331321405399
2020-03-31,Business Insider,-0.2736608705799817
2020-04-30,Business Insider,-0.6825396825288487
2016-01-31,The Verge,-0.10235507246372176
2016-02-29,The Verge,-0.14506298252736893
2016-03-31,The Verge,-0.08480692890650134
2016-04-30,The Verge,-0.17626154939581512
2016-05-31,The Verge,-0.06631063640406484
2016-06-30,The Verge,-0.17360496014164145
2016-07-31,The Verge,-0.1349353049906955
2016-08-31,The Verge,-0.114785992217843
2016-09-30,The Verge,-0.21484374999989508
2016-10-31,The Verge,-0.17481922586126125
2016-11-30,The Verge,-0.24105898745924706
2016-12-31,The Verge,-0.18029650884735518
2017-01-31,The Verge,-0.19116321009910228
2017-02-28,The Verge,-0.26289308176089604
2017-03-31,The Verge,-0.21818181818173193
2017-04-30,The Verge,-0.1722141823443453
2017-05-31,The Verge,-0.12919463087242902
2017-06-30,The Verge,-0.1422018348623201
2017-07-31,The Verge,-0.10890151515146358
2017-08-31,The Verge,-0.26127912741682635
2017-09-30,The Verge,-0.23272727272716695
2017-10-31,The Verge,-0.17914438502665814
2017-11-30,The Verge,-0.14100647732927704
2017-12-31,The Verge,-0.20653218059548198
2018-01-31,The Verge,-0.1886240066916819
2018-02-28,The Verge,-0.1985123198511397
2018-03-31,The Verge,-0.27620902304437644
2018-04-30,The Verge,-0.2705018359852018
2018-05-31,The Verge,-0.26816829579249124
2018-06-30,The Verge,-0.22465208747505977
2018-07-31,The Verge,-0.23239139603533007
2018-08-31,The Verge,-0.22238695329865737
2018-09-30,The Verge,-0.29330254041553505
2018-10-31,The Verge,-0.2613496932514269
2018-11-30,The Verge,-0.2703972661254718
2018-12-31,The Verge,-0.20565942395138673
2019-01-31,The Verge,-0.19846350832257856
2019-02-28,The Verge,-0.2416130125380408
2019-03-31,The Verge,-0.3512490537470283
2019-04-30,The Verge,-0.28235294117634285
2019-05-31,The Verge,-0.23694779116456346
2019-06-30,The Verge,-0.20930232558130352
2019-07-31,The Verge,-0.2899850523167825
2019-08-31,The Verge,-0.32762312633818946
2019-09-30,The Verge,-0.14747634069394816
2019-10-31,The Verge,-0.2530841121494381
2019-11-30,The Verge,-0.24556962025304022
2019-12-31,The Verge,-0.30368311327289527
2020-01-31,The Verge,-0.22353937341226776
2020-02-29,The Verge,-0.22162162162153606
2020-03-31,The Verge,-0.35322195704046744
2016-01-31,TechCrunch,-0.008631319358812728
2016-02-29,TechCrunch,-0.029523809523795463
2016-03-31,TechCrunch,-0.11243689765942523
2016-04-30,TechCrunch,-0.04894548348585398
2016-05-31,TechCrunch,-0.023728813559310544
2016-06-30,TechCrunch,-0.054368203974482804
2016-07-31,TechCrunch,-0.09531717037525894
2016-08-31,TechCrunch,0.06353135313528732
2016-09-30,TechCrunch,-0.01139896373056601
2016-10-31,TechCrunch,-0.1492204899776729
2016-11-30,TechCrunch,-0.029193899782122355
2016-12-31,TechCrunch,-0.05622932745311123
2017-01-31,TechCrunch,-0.012569832402230249
2017-02-28,TechCrunch,-0.09268707482989257
2017-03-31,TechCrunch,-0.03149606299211048
2017-04-30,TechCrunch,-0.042396313364035765
2017-05-31,TechCrunch,-0.10068846815830435
2017-06-30,TechCrunch,0.02092050209203927
2017-07-31,TechCrunch,-0.09615384615379478
2017-08-31,TechCrunch,-0.12290909090904621
2017-09-30,TechCrunch,-0.07327433628315991
2017-10-31,TechCrunch,-0.07926078028744178
2017-11-30,TechCrunch,-0.10913500404199307
2017-12-31,TechCrunch,-0.14066193853419584
2018-01-31,TechCrunch,-0.05282005371528522
2018-02-28,TechCrunch,-0.14015618577881622
2018-03-31,TechCrunch,-0.11166875784186045
2018-04-30,TechCrunch,-0.12320112320107995
2018-05-31,TechCrunch,-0.06415478615068017
2018-06-30,TechCrunch,-0.01775804661486251
2018-07-31,TechCrunch,-0.23381877022644262
2018-08-31,TechCrunch,-0.06118803037067388
2018-09-30,TechCrunch,-0.2450462351386245
2018-10-31,TechCrunch,-0.02409146590444096
2018-11-30,TechCrunch,-0.1253744116387996
2018-12-31,TechCrunch,-0.2179226069245548
2019-01-31,TechCrunch,-0.19138561560333547
2019-02-28,TechCrunch,-0.15618661257600155
2019-03-31,TechCrunch,-0.18887147335415796
2019-04-30,TechCrunch,-0.11999999999995294
2019-05-31,TechCrunch,-0.2385650224214177
2019-06-30,TechCrunch,-0.0960715674834321
2019-07-31,TechCrunch,-0.1432058584214226
2019-08-31,TechCrunch,-0.15268817204292867
2019-09-30,TechCrunch,-0.0773006134969009
2019-10-31,TechCrunch,-0.054256314312416155
2019-11-30,TechCrunch,-0.1649808161841071
2019-12-31,TechCrunch,-0.06166868198303406
2020-01-31,TechCrunch,-0.14023457419676683
2020-02-29,TechCrunch,-0.14159682399640866
2020-03-31,TechCrunch,-0.23134051243957246
2016-01-31,TMZ,-0.6165289256188157
2016-02-29,TMZ,-0.5692307692297962
2016-03-31,TMZ,-0.5933147632303715
2016-04-30,TMZ,-0.5139860139851155
2016-05-31,TMZ,-0.5679012345670249
2016-06-30,TMZ,-0.65256797582983
2016-07-31,TMZ,-0.6369426751582214
2016-08-31,TMZ,-0.6748166259160455
2016-09-30,TMZ,-0.7177177177166401
2016-10-31,TMZ,-0.6842105263148661
2016-11-30,TMZ,-0.5662251655619764
2016-12-31,TMZ,-0.5288303130139558
2017-01-31,TMZ,-0.5233333333324611
2017-02-28,TMZ,-0.5060240963845261
2017-03-31,TMZ,-0.5534506089302389
2017-04-30,TMZ,-0.593939393938494
2017-05-31,TMZ,-0.49774436090150714
2017-06-30,TMZ,-0.572359843545538
2017-07-31,TMZ,-0.6027027027018882
2017-08-31,TMZ,-0.5907514450860223
2017-09-30,TMZ,-0.6382165605087411
2017-10-31,TMZ,-0.6243550051593144
2017-11-30,TMZ,-0.6971214017513178
2017-12-31,TMZ,-0.6160830090783189
2018-01-31,TMZ,-0.5173961840622701
2018-02-28,TMZ,-0.5683453237404231
2018-03-31,TMZ,-0.6481069042309041
2018-04-30,TMZ,-0.6037735849049484
2018-05-31,TMZ,-0.5620689655167569
2018-06-30,TMZ,-0.5163104611917702
2018-07-31,TMZ,-0.5386221294357635
2018-08-31,TMZ,-0.6496496496489994
2018-09-30,TMZ,-0.5828988529712379
2018-10-31,TMZ,-0.5101253616195659
2018-11-30,TMZ,-0.5186721991695864
2018-12-31,TMZ,-0.520874751490536
2019-01-31,TMZ,-0.4981132075466999
2019-02-28,TMZ,-0.5188583078486046
2019-03-31,TMZ,-0.6131147540978581
2019-04-30,TMZ,-0.5249999999994952
2019-05-31,TMZ,-0.5609348914853415
2019-06-30,TMZ,-0.48495575221196024
2019-07-31,TMZ,-0.5900414937754439
2019-08-31,TMZ,-0.5087358684475758
2019-09-30,TMZ,-0.578280542985902
2019-10-31,TMZ,-0.5693860386874943
2019-11-30,TMZ,-0.5455349248447874
2019-12-31,TMZ,-0.5258701787389221
2020-01-31,TMZ,-0.4667802385004542
2020-02-29,TMZ,-0.5111478117254243
2020-03-31,TMZ,-0.39877300613461986
2020-04-30,TMZ,-0.7037037036906721
2016-12-31,Axios,0.45454545450413225
2017-01-31,Axios,-0.399581589957741
2017-02-28,Axios,-0.4851166532578559
2017-03-31,Axios,-0.47529200359346335
2017-04-30,Axios,-0.49472096530882753
2017-05-31,Axios,-0.5501519756835561
2017-06-30,Axios,-0.49489216799063857
2017-07-31,Axios,-0.467948717948343
2017-08-31,Axios,-0.553012048192438
2017-09-30,Axios,-0.46754966887386257
2017-10-31,Axios,-0.5352380952377555
2017-11-30,Axios,-0.5799130854656784
2017-12-31,Axios,-0.553243574051069
2018-01-31,Axios,-0.516715542521691
2018-02-28,Axios,-0.5519582245427928
2018-03-31,Axios,-0.5361620057856624
2018-04-30,Axios,-0.49181322013311596
2018-05-31,Axios,-0.4763995609218022
2018-06-30,Axios,-0.4788975021531099
2018-07-31,Axios,-0.5781459919388365
2018-08-31,Axios,-0.5906163753447146
2018-09-30,Axios,-0.573710634413248
2018-10-31,Axios,-0.4666666666664255
2018-11-30,Axios,-0.5888275414093573
2018-12-31,Axios,-0.623202776400286
2019-01-31,Axios,-0.566440349175283
2019-02-28,Axios,-0.5628742514967251
2019-03-31,Axios,-0.5554393305436426
2019-04-30,Axios,-0.5427233710493395
2019-05-31,Axios,-0.5582222222219742
2019-06-30,Axios,-0.6409069875054878
2019-07-31,Axios,-0.5325630252098044
2019-08-31,Axios,-0.6061349693247815
2019-09-30,Axios,-0.5731772219262516
2019-10-31,Axios,-0.6366782006918212
2019-11-30,Axios,-0.6450331125824966
2019-12-31,Axios,-0.6573236889689614
2016-01-31,Vox,-0.384615384615304
2016-02-29,Vox,-0.3868921775897776
2016-03-31,Vox,-0.3962866260515816
2016-04-30,Vox,-0.35991714137746245
2016-05-31,Vox,-0.3624133713819073
2016-06-30,Vox,-0.40705538292809224
2016-07-31,Vox,-0.33689482470779014
2016-08-31,Vox,-0.41543082410354504
2016-09-30,Vox,-0.45960559796430345
2016-10-31,Vox,-0.46745410193857134
2016-11-30,Vox,-0.34790182106091083
2016-12-31,Vox,-0.42501555693830634
2017-01-31,Vox,-0.4408913326580175
2017-02-28,Vox,-0.37249862309521337
2017-03-31,Vox,-0.44399249061319707
2017-04-30,Vox,-0.3545471662586416
2017-05-31,Vox,-0.5045245901638682
2017-06-30,Vox,-0.41473327688392636
2017-07-31,Vox,-0.40482417901766854
2017-08-31,Vox,-0.47455386649033793
2017-09-30,Vox,-0.4510038957146462
2017-10-31,Vox,-0.5548320767648124
2017-11-30,Vox,-0.47372002041155403
2017-12-31,Vox,-0.47626514611539894
2018-01-31,Vox,-0.437771104437698
2018-02-28,Vox,-0.4714980114891042
2018-03-31,Vox,-0.41830924222508126
2018-04-30,Vox,-0.4828289164183028
2018-05-31,Vox,-0.4783931060701459
2018-06-30,Vox,-0.5213015766520427
2018-07-31,Vox,-0.4828619835787198
2018-08-31,Vox,-0.4914757103573801
2018-09-30,Vox,-0.5235589571872131
2018-10-31,Vox,-0.41989987484351066
2018-11-30,Vox,-0.3899866650502618
2018-12-31,Vox,-0.3954974986102841
2019-01-31,Vox,-0.5611382836815739
2019-02-28,Vox,-0.45965951147289785
2019-03-31,Vox,-0.537817938420258
2019-04-30,Vox,-0.4458453592586289
2019-05-31,Vox,-0.4101972841403522
2019-06-30,Vox,-0.4723719676549069
2019-07-31,Vox,-0.45753114382779475
2019-08-31,Vox,-0.48238268288821573
2019-09-30,Vox,-0.509988584474813
2019-10-31,Vox,-0.5901136014736582
2019-11-30,Vox,-0.5312439915399862
2019-12-31,Vox,-0.3871134020617559
2020-01-31,Vox,-0.42299142584940885
2020-02-29,Vox,-0.45151453547459813
2020-03-31,Vox,-0.46464503330020335
2016-01-31,Politico,-0.4707952146374687
2016-02-29,Politico,-0.33931099575263346
2016-03-31,Politico,-0.38576158940389366
2016-04-30,Politico,-0.47688488985402516
2016-05-31,Politico,-0.4850370370368933
2016-06-30,Politico,-0.5210605088730978
2016-07-31,Politico,-0.45749402526451727
2016-08-31,Politico,-0.5159605339523087
2016-09-30,Politico,-0.5003337041155728
2016-10-31,Politico,-0.5327198364007272
2016-11-30,Politico,-0.41061592388572593
2016-12-31,Politico,-0.490819525302174
2017-01-31,Politico,-0.6112742219611251
2017-02-28,Politico,-0.5922930542339219
2017-03-31,Politico,-0.6083351052518374
2017-04-30,Politico,-0.5448734339042329
2017-05-31,Politico,-0.5690607734805506
2017-06-30,Politico,-0.5489201877933241
2017-07-31,Politico,-0.5460992907799804
2017-08-31,Politico,-0.5999077065065528
2017-09-30,Politico,-0.5448521916410436
2017-10-31,Politico,-0.5529081990187916
2017-11-30,Politico,-0.570455045064724
2017-12-31,Politico,-0.6120932615934891
2018-01-31,Politico,-0.5355335088073424
2018-02-28,Politico,-0.5825740318904947
2018-03-31,Politico,-0.5912124582868211
2018-04-30,Politico,-0.6189062113336751
2018-05-31,Politico,-0.6132678132676626
2018-06-30,Politico,-0.6156367041197061
2018-07-31,Politico,-0.5887070901505972
2018-08-31,Politico,-0.5756467206687809
2018-09-30,Politico,-0.6655621824606437
2018-10-31,Politico,-0.5618471687738973
2018-11-30,Politico,-0.5457338690615585
2018-12-31,Politico,-0.5974842767293719
2019-01-31,Politico,-0.6539923954371069
2019-02-28,Politico,-0.602798465357571
2019-03-31,Politico,-0.6269261962690925
2019-04-30,Politico,-0.6675485008816869
2019-05-31,Politico,-0.6233372228703329
2019-06-30,Politico,-0.6050646551722508
2019-07-31,Politico,-0.6239932174648952
2019-08-31,Politico,-0.5865546218485752
2019-09-30,Politico,-0.6377374784109158
2019-10-31,Politico,-0.6644483362520728
2019-11-30,Politico,-0.6539712029724445
2019-12-31,Politico,-0.6162174614142786
2020-01-31,Politico,-0.6254616554419671
2020-02-29,Politico,-0.5438752783963153
2020-03-31,Politico,-0.5561212682248192
2016-06-30,Washington Post,0.0
2016-07-31,Washington Post,0.0
2016-08-31,Washington Post,0.0
2016-09-30,Washington Post,-0.9999999995
2016-10-31,Washington Post,0.0
2016-11-30,Washington Post,0.0
2016-12-31,Washington Post,0.0
2017-01-31,Washington Post,0.0
2017-02-28,Washington Post,0.0
2017-03-31,Washington Post,0.0
2017-04-30,Washington Post,-0.18749999999414066
2017-05-31,Washington Post,-0.04255319148890901
2017-06-30,Washington Post,-0.009009009008927846
2017-07-31,Washington Post,-0.35999999999712
2017-08-31,Washington Post,-0.09677419354734651
2017-09-30,Washington Post,0.0
2017-10-31,Washington Post,0.21739130433837428
2017-11-30,Washington Post,0.46666666663555556
2017-12-31,Washington Post,0.2857142856938775
2018-01-31,Washington Post,0.0
2018-02-28,Washington Post,-0.6249999999804688
2018-03-31,Washington Post,0.0
2018-04-30,Washington Post,0.0
2018-05-31,Washington Post,0.0
2018-06-30,Washington Post,0.0
2018-07-31,Washington Post,0.0
2018-08-31,Washington Post,0.0
2018-09-30,Washington Post,0.0
2018-10-31,Washington Post,-0.9999999989999999
2018-11-30,Washington Post,-0.499999999875
2018-12-31,Washington Post,-0.4999999999375
2019-01-31,Washington Post,0.59999999988
2019-02-28,Washington Post,-0.9999999989999999
2019-03-31,Washington Post,0.9999999989999999
2019-04-30,Washington Post,0.0
2019-05-31,Washington Post,0.0
2019-06-30,Washington Post,-0.23076923076568046
2019-07-31,Washington Post,-0.45454545450413225
2019-08-31,Washington Post,-0.49999999996875
2019-09-30,Washington Post,-0.3736263736243208
2019-10-31,Washington Post,-0.18867924528123886
2019-11-30,Washington Post,-0.562841530053107
2019-12-31,Washington Post,-0.4738219895284857
2020-01-31,Washington Post,-0.5359868014022404
2020-02-29,Washington Post,-0.5443298969070762
2020-03-31,Washington Post,-0.39127045985955133
2020-04-30,Washington Post,0.0
2016-02-29,Buzzfeed News,-0.39762107051809786
2016-03-31,Buzzfeed News,-0.6302816901407063
2016-04-30,Buzzfeed News,-0.5527189175387918
2016-05-31,Buzzfeed News,-0.5881047492231273
2016-06-30,Buzzfeed News,-0.6160307175424486
2016-07-31,Buzzfeed News,-0.5688301742292612
2016-08-31,Buzzfeed News,-0.6443719412722204
2016-09-30,Buzzfeed News,-0.598772199079018
2016-10-31,Buzzfeed News,-0.6175472612698454
2016-11-30,Buzzfeed News,-0.5576417574163429
2016-12-31,Buzzfeed News,-0.5717001055965001
2017-01-31,Buzzfeed News,-0.6336093006868709
2017-02-28,Buzzfeed News,-0.5934899204733505
2017-03-31,Buzzfeed News,-0.6462493706996734
2017-04-30,Buzzfeed News,-0.6349465289105247
2017-05-31,Buzzfeed News,-0.6432810835488292
2017-06-30,Buzzfeed News,-0.5852494577005661
2017-07-31,Buzzfeed News,-0.5372760547099715
2017-08-31,Buzzfeed News,-0.6207482993196399
2017-09-30,Buzzfeed News,-0.5231270358305337
2017-10-31,Buzzfeed News,-0.6364292155093532
2017-11-30,Buzzfeed News,-0.6607863974493813
2017-12-31,Buzzfeed News,-0.6120963225684876
2018-01-31,Buzzfeed News,-0.5945478978689586
2018-02-28,Buzzfeed News,-0.6191636215995494
2018-03-31,Buzzfeed News,-0.574022776238666
2018-04-30,Buzzfeed News,-0.5614288664050048
2018-05-31,Buzzfeed News,-0.5809482193575308
2018-06-30,Buzzfeed News,-0.6352679987312662
2018-07-31,Buzzfeed News,-0.613257645119829
2018-08-31,Buzzfeed News,-0.5835435056745611
2018-09-30,Buzzfeed News,-0.5650929899855928
2018-10-31,Buzzfeed News,-0.6499567847881518
2018-11-30,Buzzfeed News,-0.6278987431402676
2018-12-31,Buzzfeed News,-0.6012861736333196
2019-01-31,Buzzfeed News,-0.6131725417438281
2019-02-28,Buzzfeed News,-0.6288877174484373
2019-03-31,Buzzfeed News,-0.6153119092626145
2019-04-30,Buzzfeed News,-0.6331722208087934
2019-05-31,Buzzfeed News,-0.6164453524002511
2019-06-30,Buzzfeed News,-0.6641988365942189
2019-07-31,Buzzfeed News,-0.5995676844094571
2019-08-31,Buzzfeed News,-0.655985489721688
2019-09-30,Buzzfeed News,-0.6396226415092329
2019-10-31,Buzzfeed News,-0.668661821291007
2019-11-30,Buzzfeed News,-0.6091670773778686
2019-12-31,Buzzfeed News,-0.5689655172411977
2020-01-31,Buzzfeed News,-0.5725885027604506
2020-02-29,Buzzfeed News,-0.6129411764704079
2020-03-31,Buzzfeed News,-0.4715588363003752
2020-04-30,Buzzfeed News,-0.7611940298393851
2016-01-31,Gizmodo,-0.17112299465233016
2016-02-29,Gizmodo,-0.19508562918831157
2016-03-31,Gizmodo,-0.24406659581996315
2016-04-30,Gizmodo,-0.17103347889367868
2016-05-31,Gizmodo,-0.15916666666660034
2016-06-30,Gizmodo,-0.15342465753417653
2016-07-31,Gizmodo,-0.21108949416332146
2016-08-31,Gizmodo,-0.24836601307180525
2016-09-30,Gizmodo,-0.2541924095321032
2016-10-31,Gizmodo,-0.36413241178597155
2016-11-30,Gizmodo,-0.32843137254888544
2016-12-31,Gizmodo,-0.33365806137343706
2017-01-31,Gizmodo,-0.34031060094519233
2017-02-28,Gizmodo,-0.3406179351920344
2017-03-31,Gizmodo,-0.36648369389720165
2017-04-30,Gizmodo,-0.37774232149964987
2017-05-31,Gizmodo,-0.40229885057459097
2017-06-30,Gizmodo,-0.3932339032373979
2017-07-31,Gizmodo,-0.33388635420973295
2017-08-31,Gizmodo,-0.46853146853133204
2017-09-30,Gizmodo,-0.467532467532341
2017-10-31,Gizmodo,-0.3512352309343533
2017-11-30,Gizmodo,-0.41959210966218
2017-12-31,Gizmodo,-0.38704479535920494
2018-01-31,Gizmodo,-0.4094815636261687
2018-02-28,Gizmodo,-0.35933660933649897
2018-03-31,Gizmodo,-0.4270660011091439
2018-04-30,Gizmodo,-0.5166088249874773
2018-05-31,Gizmodo,-0.39283746556463006
2018-06-30,Gizmodo,-0.44447334200248517
2018-07-31,Gizmodo,-0.42134484885859924
2018-08-31,Gizmodo,-0.47130523108164774
2018-09-30,Gizmodo,-0.3357761492337323
2018-10-31,Gizmodo,-0.3548817060978491
2018-11-30,Gizmodo,-0.3436322532025834
2018-12-31,Gizmodo,-0.41018603232680384
2019-01-31,Gizmodo,-0.417620441841784
2019-02-28,Gizmodo,-0.39217191097452336
2019-03-31,Gizmodo,-0.48048048048036024
2019-04-30,Gizmodo,-0.36939078751846377
2019-05-31,Gizmodo,-0.3900822063112198
2019-06-30,Gizmodo,-0.4236787717743066
2019-07-31,Gizmodo,-0.458424850956869
2019-08-31,Gizmodo,-0.4462602137019339
2019-09-30,Gizmodo,-0.32466643859037814
2019-10-31,Gizmodo,-0.5833333333090278
2016-01-31,Economist,-0.44936449364484427
2016-02-29,Economist,-0.5019526763150696
2016-03-31,Economist,-0.48719968491522503
2016-04-30,Economist,-0.4742404227211637
2016-05-31,Economist,-0.5262004383342247
2016-06-30,Economist,-0.46871829556975503
2016-07-31,Economist,-0.47501015847206923
2016-08-31,Economist,-0.45027214250359965
2016-09-30,Economist,-0.46521308225957075
2016-10-31,Economist,-0.46425531914883733
2016-11-30,Economist,-0.4472537053181239
2016-12-31,Economist,-0.4544220764531883
2017-01-31,Economist,-0.4555079405090861
2017-02-28,Economist,-0.46008869179588135
2017-03-31,Economist,-0.5099337748343347
2017-04-30,Economist,-0.4684665682344508
2017-05-31,Economist,-0.46657413832975553
2017-06-30,Economist,-0.478639568643617
2017-07-31,Economist,-0.4491525423727862
2017-08-31,Economist,-0.5061787072242142
2017-09-30,Economist,-0.46869328493637274
2017-10-31,Economist,-0.45921586300124845
2017-11-30,Economist,-0.5187363468323779
2017-12-31,Economist,-0.5070508890249825
2018-01-31,Economist,-0.4111330884429468
2018-02-28,Economist,-0.4866220735784597
2018-03-31,Economist,-0.44687819856695044
2018-04-30,Economist,-0.5025884383087785
2018-05-31,Economist,-0.502013914317008
2018-06-30,Economist,-0.4691240737221225
2018-07-31,Economist,-0.49497157848699275
2018-08-31,Economist,-0.47165160230064257
2018-09-30,Economist,-0.4784959449495015
2018-10-31,Economist,-0.47229551451176
2018-11-30,Economist,-0.47895189003426136
2018-12-31,Economist,-0.5271739130433588
2019-01-31,Economist,-0.5153548387095445
2019-02-28,Economist,-0.4692846034213706
2019-03-31,Economist,-0.48565965583162385
2019-04-30,Economist,-0.43263473053884116
2019-05-31,Economist,-0.4570505920343472
2019-06-30,Economist,-0.4611154752551817
2019-07-31,Economist,-0.4882528833830653
2019-08-31,Economist,-0.5584864864863657
2019-09-30,Economist,-0.5024224806200333
2019-10-31,Economist,-0.48417858690930116
2019-11-30,Economist,-0.46633416458838334
2019-12-31,Economist,-0.5203804347822552
2020-01-31,Economist,-0.36936936936826015
2020-02-29,Economist,0.0
2020-03-31,Economist,0.0
2016-01-31,Wired,-0.2941176470587112
2016-02-29,Wired,-0.11945392491453988
2016-03-31,Wired,-0.09174311926598491
2016-04-30,Wired,-0.1351025331724155
2016-05-31,Wired,-0.18397626112745996
2016-06-30,Wired,-0.27566320645889525
2016-07-31,Wired,-0.18119658119642634
2016-08-31,Wired,-0.2224253503959644
2016-09-30,Wired,-0.16538729937183155
2016-10-31,Wired,-0.14710568242158942
2016-11-30,Wired,-0.2547307132458117
2016-12-31,Wired,-0.14595103578147553
2017-01-31,Wired,-0.11936339522538504
2017-02-28,Wired,-0.13876454789602619
2017-03-31,Wired,-0.3333333333330808
2017-04-30,Wired,-0.23996971990897809
2017-05-31,Wired,-0.26209223846989643
2017-06-30,Wired,-0.30809674027307243
2017-07-31,Wired,-0.24261168384863052
2017-08-31,Wired,-0.37919999999969667
2017-09-30,Wired,-0.4416422287387439
2017-10-31,Wired,-0.3351230425054429
2017-11-30,Wired,-0.29537843268566955
2017-12-31,Wired,-0.38005923000968406
2018-01-31,Wired,-0.46143057503473955
2018-02-28,Wired,-0.2691218130310344
2018-03-31,Wired,-0.3003802281366918
2018-04-30,Wired,-0.3275663206457165
2018-05-31,Wired,-0.37296747967460725
2018-06-30,Wired,-0.36879432624094793
2018-07-31,Wired,-0.2984234234232554
2018-08-31,Wired,-0.4154589371978669
2018-09-30,Wired,-0.22265122265107937
2018-10-31,Wired,-0.27678138633045235
2018-11-30,Wired,-0.2729624838290602
2018-12-31,Wired,-0.40202553940977453
2019-01-31,Wired,-0.39361126150493037
2019-02-28,Wired,-0.29393223010221126
2019-03-31,Wired,-0.3200508690121577
2019-04-30,Wired,-0.37547408343844785
2019-05-31,Wired,-0.2948627726950775
2019-06-30,Wired,-0.45563310069767915
2019-07-31,Wired,-0.20938628158832168
2019-08-31,Wired,-0.38403614457816865
2019-09-30,Wired,-0.3823978294047172
2019-10-31,Wired,-0.3169560398965059
2019-11-30,Wired,-0.33537015276137827
2019-12-31,Wired,-0.055370246831208496
2020-01-31,Wired,-0.2814895947425451
2020-02-29,Wired,-0.33346051125518245
2020-03-31,Wired,-0.4049739023640766
2016-04-30,Fox News,0.06249999999804688
2016-05-31,Fox News,-0.5294117646747405
2016-06-30,Fox News,-0.013698630136798649
2016-07-31,Fox News,-0.31372549019300267
2016-08-31,Fox News,-0.09756097560916122
2016-09-30,Fox News,-0.13402061855531938
2016-10-31,Fox News,-0.545454545429752
2016-11-30,Fox News,0.0
2016-12-31,Fox News,-0.18367346938400667
2017-01-31,Fox News,-0.8360655737636388
2017-02-28,Fox News,0.0
2017-03-31,Fox News,-0.4999999999980469
2017-04-30,Fox News,-0.6666666666543211
2017-05-31,Fox News,-0.03225806451508845
2017-06-30,Fox News,-0.3333333333277778
2017-07-31,Fox News,-0.5698924731152156
2017-08-31,Fox News,-0.41860465116116824
2017-09-30,Fox News,-0.4999999999940476
2017-10-31,Fox News,-0.5873891153199967
2017-11-30,Fox News,-0.5745214935675583
2017-12-31,Fox News,-0.24999999999218753
2018-01-31,Fox News,-0.9999999998333333
2018-02-28,Fox News,-0.47234042552990496
2018-03-31,Fox News,-0.5757575757401286
2018-04-30,Fox News,-0.6880733944922566
2018-05-31,Fox News,-0.598560222757968
2018-06-30,Fox News,-0.5755693947038694
2018-07-31,Fox News,-0.5619300148647993
2018-08-31,Fox News,-0.6225481533839626
2016-01-31,Vice News,-0.7047128129601707
2016-02-29,Vice News,-0.6760288502332901
2016-03-31,Vice News,-0.6814763231197297
2016-04-30,Vice News,-0.6877888772923298
2016-05-31,Vice News,-0.7066898349260897
2016-06-30,Vice News,-0.6837721984077546
2016-07-31,Vice News,-0.7285714285713178
2016-08-31,Vice News,-0.7233363719232626
2016-09-30,Vice News,-0.6318635607319817
2016-10-31,Vice News,-0.6490880253765564
2016-11-30,Vice News,-0.6456676860345268
2016-12-31,Vice News,-0.7076725246462263
2017-01-31,Vice News,-0.6403491755575866
2017-02-28,Vice News,-0.6905456059973571
2017-03-31,Vice News,-0.706525339516279
2017-04-30,Vice News,-0.6895489947472034
2017-05-31,Vice News,-0.6998928188637549
2017-06-30,Vice News,-0.712907117008321
2017-07-31,Vice News,-0.6648578250486944
2017-08-31,Vice News,-0.707308116048346
2017-09-30,Vice News,-0.6797595190379399
2017-10-31,Vice News,-0.7256950294859771
2017-11-30,Vice News,-0.6963890935886705
2017-12-31,Vice News,-0.7335849056602389
2018-01-31,Vice News,-0.7121107266434754
2018-02-28,Vice News,-0.7520838935196622
2018-03-31,Vice News,-0.7043132803631237
2018-04-30,Vice News,-0.735025081144772
2018-05-31,Vice News,-0.7033599405976046
2018-06-30,Vice News,-0.727576136837562
2018-07-31,Vice News,-0.6954485858773748
2018-08-31,Vice News,-0.727403673028317
2018-09-30,Vice News,-0.7710691823897985
2018-10-31,Vice News,-0.7810267486292106
2018-11-30,Vice News,-0.6840175953077925
2018-12-31,Vice News,-0.7586744639374738
2019-01-31,Vice News,-0.7436577054144748
2019-02-28,Vice News,-0.7612853863808796
2019-03-31,Vice News,-0.7626357169597973
2019-04-30,Vice News,-0.723925118288269
2019-05-31,Vice News,-0.7121212121210866
2019-06-30,Vice News,-0.6657159155731762
2019-07-31,Vice News,-0.6976811594201887
2019-08-31,Vice News,-0.7021554539512069
2016-01-31,Hyperallergic,-0.29780361757096324
2016-02-29,Hyperallergic,-0.37011779293230934
2016-03-31,Hyperallergic,-0.2830534351144174
2016-04-30,Hyperallergic,-0.35638144626898405
2016-05-31,Hyperallergic,-0.39615589962616227
2016-06-30,Hyperallergic,-0.38264963012764536
2016-07-31,Hyperallergic,-0.37658142664862004
2016-08-31,Hyperallergic,-0.3431786216595136
2016-09-30,Hyperallergic,-0.27341698278369614
2016-10-31,Hyperallergic,-0.35152838427938005
2016-11-30,Hyperallergic,-0.33410740203183337
2016-12-31,Hyperallergic,-0.3617256637167141
2017-01-31,Hyperallergic,-0.3767757875230461
2017-02-28,Hyperallergic,-0.391595615103413
2017-03-31,Hyperallergic,-0.37192118226591825
2017-04-30,Hyperallergic,-0.36970039570368296
2017-05-31,Hyperallergic,-0.34006550218331333
2017-06-30,Hyperallergic,-0.4143936904369325
2017-07-31,Hyperallergic,-0.38305528295702224
2017-08-31,Hyperallergic,-0.3564390078150335
2017-09-30,Hyperallergic,-0.3874382498234342
2017-10-31,Hyperallergic,-0.34320557491279235
2017-11-30,Hyperallergic,-0.28737802958757086
2017-12-31,Hyperallergic,-0.38049236522269225
2018-01-31,Hyperallergic,-0.34449590309927164
2018-02-28,Hyperallergic,-0.362147089578124
2018-03-31,Hyperallergic,-0.3585021485572871
2018-04-30,Hyperallergic,-0.353301565690826
2018-05-31,Hyperallergic,-0.3764916467779306
2018-06-30,Hyperallergic,-0.22441651705557472
2018-07-31,Hyperallergic,-0.3350923482848499
2018-08-31,Hyperallergic,-0.38034460753019134
2018-09-30,Hyperallergic,-0.360967184801257
2018-10-31,Hyperallergic,-0.34849286092005594
2018-11-30,Hyperallergic,-0.348545350827054
2018-12-31,Hyperallergic,-0.3988269794719946
2019-01-31,Hyperallergic,-0.37516339869268783
2019-02-28,Hyperallergic,-0.36279547790326727
2019-03-31,Hyperallergic,-0.3244286138319013
2019-04-30,Hyperallergic,-0.3746181616216677
2019-05-31,Hyperallergic,-0.3884344146684377
2019-06-30,Hyperallergic,-0.22642719692103067
2019-07-31,Hyperallergic,-0.43357567746185277
2019-08-31,Hyperallergic,-0.3508771929823279
2019-09-30,Hyperallergic,-0.3475846751803588
2019-10-31,Hyperallergic,-0.39143888602362265
2019-11-30,Hyperallergic,-0.31585081585072383
2019-12-31,Hyperallergic,-0.301983365323
2020-01-31,Hyperallergic,-0.39547511312205264
2020-02-29,Hyperallergic,-0.37397862979246577
2020-03-31,Hyperallergic,-0.33759999999986495
2016-01-31,New Republic,-0.41545955646706634
2016-02-29,New Republic,-0.34855938158815314
2016-03-31,New Republic,-0.44032351242051526
2016-04-30,New Republic,-0.38446475195816177
2016-05-31,New Republic,-0.43603133159260793
2016-06-30,New Republic,-0.4912489379778264
2016-07-31,New Republic,-0.5000933358221952
2016-08-31,New Republic,-0.4891728789491499
2016-09-30,New Republic,-0.49578589383402394
2016-10-31,New Republic,-0.4947396457583573
2016-11-30,New Republic,-0.5179879019419742
2016-12-31,New Republic,-0.45102611940287984
2017-01-31,New Republic,-0.476084762865696
2017-02-28,New Republic,-0.5387096774192758
2017-03-31,New Republic,-0.5095144940422355
2017-04-30,New Republic,-0.5187969924811101
2017-05-31,New Republic,-0.5448017483608265
2017-06-30,New Republic,-0.5493872729956372
2017-07-31,New Republic,-0.5207248891458414
2017-08-31,New Republic,-0.5849194729135093
2017-09-30,New Republic,-0.4972585407000216
2017-10-31,New Republic,-0.5424633936260909
2017-11-30,New Republic,-0.5343232192811417
2017-12-31,New Republic,-0.5609756097559796
2018-01-31,New Republic,-0.5926374424798758
2018-02-28,New Republic,-0.5790541911912768
2018-03-31,New Republic,-0.5686853766616496
2018-04-30,New Republic,-0.5880059970014111
2018-05-31,New Republic,-0.5415293342121718
2018-06-30,New Republic,-0.5711363213686868
2018-07-31,New Republic,-0.5889802266161765
2018-08-31,New Republic,-0.6193151887619632
2018-09-30,New Republic,-0.6300091491307173
2018-10-31,New Republic,-0.5925925925924971
2018-11-30,New Republic,-0.5897971984109157
2018-12-31,New Republic,-0.5980933266431013
2019-01-31,New Republic,-0.537343927355156
2019-02-28,New Republic,-0.5636363636362084
2019-03-31,New Republic,-0.5289614697625596
2019-04-30,New Republic,-0.5526411657558191
2019-05-31,New Republic,-0.5772994129157485
2019-06-30,New Republic,-0.5554634045198931
2019-07-31,New Republic,-0.5570433851096527
2019-08-31,New Republic,-0.5615493814640921
2019-09-30,New Republic,-0.5476498490727582
2019-10-31,New Republic,-0.5509250943056312
2019-11-30,New Republic,-0.5342168151204574
2019-12-31,New Republic,-0.541666666666534
2020-01-31,New Republic,-0.5722172751557306
2020-02-29,New Republic,-0.5245934551293867
2020-03-31,New Republic,-0.5460220906034022
2016-01-31,New Yorker,-0.4153705397986241
2016-02-29,New Yorker,-0.4107683000604132
2016-03-31,New Yorker,-0.39696126685204425
2016-04-30,New Yorker,-0.3516508889401173
2016-05-31,New Yorker,-0.4390549489886452
2016-06-30,New Yorker,-0.46860782529558126
2016-07-31,New Yorker,-0.4029936672422559
2016-08-31,New Yorker,-0.44378175392082087
2016-09-30,New Yorker,-0.44166471826035963
2016-10-31,New Yorker,-0.41829132984618506
2016-11-30,New Yorker,-0.4696387394311165
2016-12-31,New Yorker,-0.4479807435141888
2017-01-31,New Yorker,-0.45174680041500315
2017-02-28,New Yorker,-0.4738041002276555
2017-03-31,New Yorker,-0.4508268059180916
2017-04-30,New Yorker,-0.4366258741257787
2017-05-31,New Yorker,-0.46872920825008835
2017-06-30,New Yorker,-0.42091672046468015
2017-07-31,New Yorker,-0.5067686874631142
2017-08-31,New Yorker,-0.505919494869638
2017-09-30,New Yorker,-0.46017116524018864
2017-10-31,New Yorker,-0.4416857236196599
2017-11-30,New Yorker,-0.5089514066495079
2017-12-31,New Yorker,-0.37902171069830526
2018-01-31,New Yorker,-0.43927556818174013
2018-02-28,New Yorker,-0.4265255292651225
2018-03-31,New Yorker,-0.4150444604661343
2018-04-30,New Yorker,-0.4281842818427459
2018-05-31,New Yorker,-0.5201238390091872
2018-06-30,New Yorker,-0.38563535911591557
2018-07-31,New Yorker,-0.4148082069579806
2018-08-31,New Yorker,-0.47845551203120357
2018-09-30,New Yorker,-0.4680034129691834
2018-10-31,New Yorker,-0.4580116590514482
2018-11-30,New Yorker,-0.4351048062671109
2018-12-31,New Yorker,-0.4461624964856772
2019-01-31,New Yorker,-0.4286401925390063
2019-02-28,New Yorker,-0.4639056658037205
2019-03-31,New Yorker,-0.4080267558527453
2019-04-30,New Yorker,-0.4984035759897033
2019-05-31,New Yorker,-0.4441314553989567
2019-06-30,New Yorker,-0.42721518987328255
2019-07-31,New Yorker,-0.4675324675323355
2019-08-31,New Yorker,-0.521485999445378
2019-09-30,New Yorker,-0.3817034700314704
2019-10-31,New Yorker,-0.439244310862937
2019-11-30,New Yorker,-0.44241686942407893
2019-12-31,New Yorker,-0.44884910485923935
2020-01-31,New Yorker,-0.4654420206657943
2020-02-29,New Yorker,0.0
